Date and Time,TA in,TA out,RH in,RH out,TWl-1 in,TWl-1 out,TWl-2 in,TWl-2 out,TRf in,TRf out,TG in,TG out,TW in,TW out,V in,iDampA,iDampW,iDampW2,Clo ,Wl-1Facing,Wl-2Facing
,1,1,1,1,1,1,0,0,0,0,0,0,0,0,0,1,1,1,0.35,W,W
06-02-2019 00:00,32.433,31.868,70.318,73.124,,,,,33.809,31.128,,,,,,-0.565,-2.681,0,,,
06-02-2019 01:00,32.33,31.586,70.817,73.883,,,,,33.704,30.697,,,,,,-0.744,-3.007,0,,,
06-02-2019 02:00,32.073,31.128,70.892,74.604,,,,,33.495,30.343,,,,,,-0.945,-3.152,0,,,
06-02-2019 03:00,31.97,30.874,70.721,74.615,,,,,33.365,30.016,,,,,,-1.096,-3.349,0,,,
06-02-2019 04:00,32.021,30.646,70.244,75.167,,,,,33.287,29.665,,,,,,-1.375,-3.622,0,,,
06-02-2019 05:00,31.816,30.293,70.48,76.317,,,,,33.105,29.315,,,,,,-1.523,-3.79,0,,,
06-02-2019 06:00,31.893,30.091,70.281,76.898,,,,,33.001,28.941,,,,,,-1.802,-4.06,0,,,
06-02-2019 07:00,31.408,30.091,71.861,77.371,,,,,32.691,29.515,,,,,,-1.317,-3.176,0,,,
06-02-2019 08:00,31.51,30.621,72.272,75.698,,,,,32.536,30.874,,,,,,-0.889,-1.662,0,,,
06-02-2019 09:00,31.868,31.637,70.124,70.448,,,,,32.484,33.339,,,,,,-0.231,0.855,0,,,
06-02-2019 10:00,32.304,32.768,67.631,65.517,,,,,32.587,36.444,,,,,,0.464,3.857,0,,,
06-02-2019 11:00,32.742,34.334,64.425,57.671,,,,,32.742,38.896,,,,,,1.592,6.154,0,,,
06-02-2019 12:00,33.287,36.227,61.193,51.496,,,,,32.975,42.594,,,,,,2.94,9.619,0,,,
06-02-2019 13:00,33.861,38.06,56.77,44.691,,,,,33.313,45.342,,,,,,4.199,12.029,0,,,
06-02-2019 14:00,34.097,38.896,56.067,43.134,,,,,33.6,46.385,,,,,,4.799,12.785,0,,,
06-02-2019 15:00,34.308,40.057,58.018,44.852,,,,,33.861,46.385,,,,,,5.749,12.524,0,,,
06-02-2019 16:00,34.677,40.4,53.795,39.619,,,,,34.15,45.593,,,,,,5.723,11.443,0,,,
06-02-2019 17:00,34.071,39.149,61.442,49.231,,,,,34.124,42.535,,,,,,5.078,8.411,0,,,
06-02-2019 18:00,33.678,36.498,60.749,46.978,,,,,34.124,39.121,,,,,,2.82,4.997,0,,,
06-02-2019 19:00,33.313,34.124,59.301,55.974,,,,,34.15,36.254,,,,,,0.811,2.104,0,,,
06-02-2019 20:00,33.287,33.339,56.878,54.481,,,,,34.281,34.387,,,,,,0.052,0.106,0,,,
06-02-2019 21:00,33.235,32.33,58.495,60.162,,,,,34.466,32.924,,,,,,-0.905,-1.542,0,,,
06-02-2019 22:00,33.261,32.665,58.912,59.677,,,,,34.545,31.919,,,,,,-0.596,-2.626,0,,,
06-02-2019 23:00,32.949,32.15,58.167,58.934,,,,,34.519,31.103,,,,,,-0.799,-3.416,0,,,
06-03-2019 00:00,32.794,31.306,58.461,61.916,,,,,34.44,30.469,,,,,,-1.488,-3.971,0,,,
06-03-2019 01:00,32.975,30.976,58.234,63.016,,,,,34.413,30.066,,,,,,-1.999,-4.347,0,,,
06-03-2019 02:00,32.949,30.394,58.675,65.273,,,,,34.334,29.74,,,,,,-2.555,-4.594,0,,,
06-03-2019 03:00,32.872,30.52,58.917,65.016,,,,,34.202,29.49,,,,,,-2.352,-4.712,0,,,
06-03-2019 04:00,32.717,30.217,59.052,65.643,,,,,34.071,29.365,,,,,,-2.5,-4.706,0,,,
06-03-2019 05:00,32.458,30.066,58.918,65.802,,,,,33.835,29.215,,,,,,-2.392,-4.62,0,,,
06-03-2019 06:00,32.639,29.84,58.723,66.224,,,,,33.704,29.165,,,,,,-2.799,-4.539,0,,,
06-03-2019 07:00,32.458,30.217,60.402,66.809,,,,,33.521,29.715,,,,,,-2.241,-3.806,0,,,
06-03-2019 08:00,32.175,30.798,61.553,65.495,,,,,33.287,31.791,,,,,,-1.377,-1.496,0,,,
06-03-2019 09:00,32.433,31.791,59.894,60.33,,,,,33.157,34.124,,,,,,-0.642,0.967,0,,,
06-03-2019 10:00,32.794,33.027,59.064,57.319,,,,,33.157,36.987,,,,,,0.233,3.83,0,,,
06-03-2019 11:00,33.209,34.492,57.377,52.277,,,,,33.261,40.775,,,,,,1.283,7.514,0,,,
06-03-2019 12:00,33.626,35.823,55.261,47.99,,,,,33.469,43.982,,,,,,2.197,10.513,0,,,
06-03-2019 13:00,33.6,36.878,59.027,50.662,,,,,33.548,45.467,,,,,,3.278,11.919,0,,,
06-03-2019 14:00,33.495,37.069,60.279,51.18,,,,,33.521,44.043,,,,,,3.574,10.522,0,,,
06-03-2019 15:00,33.365,37.288,62.809,52.717,,,,,33.548,43.465,,,,,,3.923,9.917,0,,,
06-03-2019 16:00,33.495,37.7,61.635,49.679,,,,,33.652,42.267,,,,,,4.205,8.615,0,,,
06-03-2019 17:00,33.339,37.343,64.118,53.77,,,,,33.757,40.372,,,,,,4.004,6.615,0,,,
06-03-2019 18:00,32.898,35.502,73.167,66.445,,,,,33.835,37.151,,,,,,2.604,3.316,0,,,
06-03-2019 19:00,32.691,34.308,74.274,71.513,,,,,33.914,34.651,,,,,,1.617,0.737,0,,,
06-03-2019 20:00,32.536,33.626,74.094,70.809,,,,,33.966,33.027,,,,,,1.09,-0.939,0,,,
06-03-2019 21:00,32.639,33.287,71.542,69.401,,,,,34.071,32.175,,,,,,0.648,-1.896,0,,,
06-03-2019 22:00,32.949,32.949,71.387,72.237,,,,,34.229,31.842,,,,,,0,-2.387,0,,,
06-03-2019 23:00,32.665,32.613,72.275,73.536,,,,,34.176,31.382,,,,,,-0.052,-2.794,0,,,
06-04-2019 00:00,32.898,32.51,70.677,71.913,,,,,34.229,31.001,,,,,,-0.388,-3.228,0,,,
06-04-2019 01:00,32.898,32.15,69.699,72.24,,,,,34.176,30.596,,,,,,-0.748,-3.58,0,,,
06-04-2019 02:00,32.846,31.816,69.169,72.481,,,,,34.071,30.167,,,,,,-1.03,-3.904,0,,,
06-04-2019 03:00,32.562,31.23,69.455,73.995,,,,,33.887,29.84,,,,,,-1.332,-4.047,0,,,
06-04-2019 04:00,32.665,30.95,69.351,75.226,,,,,33.783,29.464,,,,,,-1.715,-4.319,0,,,
06-04-2019 05:00,32.717,30.672,69.391,77.014,,,,,33.73,29.09,,,,,,-2.045,-4.64,0,,,
06-04-2019 06:00,32.562,30.469,68.996,76.173,,,,,33.574,28.791,,,,,,-2.093,-4.783,0,,,
06-04-2019 07:00,32.355,30.495,68.5,74.691,,,,,33.365,29.615,,,,,,-1.86,-3.75,0,,,
06-04-2019 08:00,32.304,30.9,67.108,70.799,,,,,33.157,31.306,,,,,,-1.404,-1.851,0,,,
06-04-2019 09:00,32.562,32.047,63.367,62.815,,,,,33.079,34.519,,,,,,-0.515,1.44,0,,,
06-04-2019 10:00,32.846,33.783,62.443,57.206,,,,,33.105,38.198,,,,,,0.937,5.093,0,,,
06-04-2019 11:00,33.287,35.395,59.962,52.886,,,,,33.287,42.505,,,,,,2.108,9.218,0,,,
06-04-2019 12:00,33.339,36.579,63.337,54.642,,,,,33.313,43.951,,,,,,3.24,10.638,0,,,
06-04-2019 13:00,33.417,37.59,63.412,51.149,,,,,33.365,45.217,,,,,,4.173,11.852,0,,,
06-04-2019 14:00,33.521,38.115,62.237,50.161,,,,,33.443,45.467,,,,,,4.594,12.024,0,,,
06-04-2019 15:00,33.678,38.476,63.141,49.545,,,,,33.574,44.719,,,,,,4.798,11.145,0,,,
06-04-2019 16:00,33.417,37.949,64.35,51.689,,,,,33.6,42.893,,,,,,4.532,9.293,0,,,
06-04-2019 17:00,33.339,37.315,65.147,53.995,,,,,33.73,40.4,,,,,,3.976,6.67,0,,,
06-04-2019 18:00,33.183,35.985,70.025,62.693,,,,,33.887,37.48,,,,,,2.802,3.593,0,,,
06-04-2019 19:00,32.975,34.916,70.66,64.972,,,,,34.019,35.235,,,,,,1.941,1.216,0,,,
06-04-2019 20:00,32.949,34.229,69.096,64.671,,,,,34.176,33.783,,,,,,1.28,-0.393,0,,,
06-04-2019 21:00,32.898,33.652,70.524,68.759,,,,,34.281,32.794,,,,,,0.754,-1.487,0,,,
06-04-2019 22:00,33.157,33.079,70.632,71.197,,,,,34.413,32.15,,,,,,-0.078,-2.263,0,,,
06-04-2019 23:00,32.898,32.536,68.503,68.961,,,,,34.387,31.791,,,,,,-0.362,-2.596,0,,,
06-05-2019 00:00,32.613,31.204,67.562,70.673,,,,,34.229,31.535,,,,,,-1.409,-2.694,0,,,
06-05-2019 01:00,32.278,29.565,65.837,73.766,,,,,33.992,30.874,,,,,,-2.713,-3.118,0,,,
06-05-2019 02:00,32.278,28.841,64.908,75.113,,,,,33.887,30.066,,,,,,-3.437,-3.821,0,,,
06-05-2019 03:00,32.407,28.816,65.364,77.526,,,,,33.861,29.665,,,,,,-3.591,-4.196,0,,,
06-05-2019 04:00,32.304,29.265,66.027,76.615,,,,,33.73,29.19,,,,,,-3.039,-4.54,0,,,
06-05-2019 05:00,31.919,28.692,67.933,80.216,,,,,33.469,28.766,,,,,,-3.227,-4.703,0,,,
06-05-2019 06:00,32.124,28.617,67.538,80.172,,,,,33.365,28.468,,,,,,-3.507,-4.897,0,,,
06-05-2019 07:00,31.919,29.24,67.41,76.345,,,,,33.209,29.389,,,,,,-2.679,-3.82,0,,,
06-05-2019 08:00,31.944,30.142,66.46,73.278,,,,,33.053,31.026,,,,,,-1.802,-2.027,0,,,
06-05-2019 09:00,32.304,31.919,65.78,65.869,,,,,33.001,34.624,,,,,,-0.385,1.623,0,,,
06-05-2019 10:00,32.562,32.717,62.711,60.757,,,,,33.001,37.921,,,,,,0.155,4.92,0,,,
06-05-2019 11:00,32.794,34.071,61.65,56.127,,,,,33.027,41.619,,,,,,1.277,8.592,0,,,
06-05-2019 12:00,32.872,35.315,65.659,59.19,,,,,33.079,42.863,,,,,,2.443,9.784,0,,,
06-05-2019 13:00,32.924,36.012,66.101,58.047,,,,,33.053,43.556,,,,,,3.088,10.503,0,,,
06-05-2019 14:00,33.001,36.661,66.331,54.848,,,,,33.131,43.921,,,,,,3.66,10.79,0,,,
06-05-2019 15:00,32.949,36.933,66.168,54.691,,,,,33.183,43.163,,,,,,3.984,9.98,0,,,
06-05-2019 16:00,32.768,36.824,67.342,55.746,,,,,33.235,41.707,,,,,,4.056,8.472,0,,,
06-05-2019 17:00,32.587,36.012,70.59,61.08,,,,,33.261,39.262,,,,,,3.425,6.001,0,,,
06-05-2019 18:00,32.304,34.387,73.025,67.312,,,,,33.365,36.335,,,,,,2.083,2.97,0,,,
06-05-2019 19:00,32.278,33.704,72.597,68.799,,,,,33.495,34.176,,,,,,1.426,0.681,0,,,
06-05-2019 20:00,32.407,33.521,74.069,71.887,,,,,33.652,32.949,,,,,,1.114,-0.703,0,,,
06-05-2019 21:00,32.433,32.975,72.323,70.477,,,,,33.783,32.278,,,,,,0.542,-1.505,0,,,
06-05-2019 22:00,32.304,32.458,69.868,68.763,,,,,33.757,31.663,,,,,,0.154,-2.094,0,,,
06-05-2019 23:00,32.227,31.714,66.663,66.02,,,,,33.73,31.103,,,,,,-0.513,-2.627,0,,,
06-06-2019 00:00,32.278,31.637,64.007,64.956,,,,,33.704,30.52,,,,,,-0.641,-3.184,0,,,
06-06-2019 01:00,32.304,31.382,63.481,65.099,,,,,33.652,29.916,,,,,,-0.922,-3.736,0,,,
06-06-2019 02:00,32.253,31.026,63.629,66.888,,,,,33.574,29.414,,,,,,-1.227,-4.16,0,,,
06-06-2019 03:00,32.201,30.571,64.398,69.192,,,,,33.469,28.941,,,,,,-1.63,-4.528,0,,,
06-06-2019 04:00,32.15,30.369,64.731,70.006,,,,,33.365,28.518,,,,,,-1.781,-4.847,0,,,
06-06-2019 05:00,32.201,29.89,64.988,72.001,,,,,33.261,28.097,,,,,,-2.311,-5.164,0,,,
06-06-2019 06:00,32.124,30.066,65.533,72.454,,,,,33.131,27.875,,,,,,-2.058,-5.256,0,,,
06-06-2019 07:00,31.893,30.066,67.037,73.922,,,,,32.924,29.04,,,,,,-1.827,-3.884,0,,,
06-06-2019 08:00,31.842,30.849,66.289,69.546,,,,,32.742,31.306,,,,,,-0.993,-1.436,0,,,
06-06-2019 09:00,32.047,31.996,65.055,64.333,,,,,32.665,34.413,,,,,,-0.051,1.748,0,,,
06-06-2019 10:00,32.278,33.287,64.069,59.93,,,,,32.639,37.866,,,,,,1.009,5.227,0,,,
06-06-2019 11:00,32.484,34.598,66.244,59.655,,,,,32.639,40.746,,,,,,2.114,8.107,0,,,
06-06-2019 12:00,32.587,35.448,65.797,57.579,,,,,32.639,42.684,,,,,,2.861,10.045,0,,,
06-06-2019 13:00,32.665,36.254,66.707,56.86,,,,,32.665,44.196,,,,,,3.589,11.531,0,,,
06-06-2019 14:00,32.717,36.688,69.116,58.821,,,,,32.768,44.658,,,,,,3.971,11.89,0,,,
06-06-2019 15:00,32.562,36.688,71.194,59.558,,,,,32.768,43.525,,,,,,4.126,10.757,0,,,
06-06-2019 16:00,32.484,36.444,71.878,60.51,,,,,32.898,41.56,,,,,,3.96,8.662,0,,,
06-06-2019 17:00,32.33,35.689,72.999,62.835,,,,,33.001,39.177,,,,,,3.359,6.176,0,,,
06-06-2019 18:00,32.278,34.836,73.322,65.709,,,,,33.157,36.633,,,,,,2.558,3.476,0,,,
06-06-2019 19:00,32.227,33.783,74.035,69.397,,,,,33.313,34.255,,,,,,1.556,0.942,0,,,
06-06-2019 20:00,32.201,33.339,73.94,70.237,,,,,33.495,32.742,,,,,,1.138,-0.753,0,,,
06-06-2019 21:00,32.201,32.898,72.31,69.454,,,,,33.574,31.842,,,,,,0.697,-1.732,0,,,
06-06-2019 22:00,32.201,32.562,72.643,71.316,,,,,33.652,31.23,,,,,,0.361,-2.422,0,,,
06-06-2019 23:00,32.278,32.304,74.044,74.38,,,,,33.704,30.697,,,,,,0.026,-3.007,0,,,
06-07-2019 00:00,32.073,31.816,72.589,73.235,,,,,33.6,30.293,,,,,,-0.257,-3.307,0,,,
06-07-2019 01:00,31.996,31.459,72.725,75.027,,,,,33.521,29.916,,,,,,-0.537,-3.605,0,,,
06-07-2019 02:00,32.098,31.026,72.533,76.936,,,,,33.469,29.565,,,,,,-1.072,-3.904,0,,,
06-07-2019 03:00,31.919,30.798,72.771,77.571,,,,,33.287,29.315,,,,,,-1.121,-3.972,0,,,
06-07-2019 04:00,31.816,30.52,73.596,79.106,,,,,33.157,28.99,,,,,,-1.296,-4.167,0,,,
06-07-2019 05:00,31.842,30.343,73.631,79.509,,,,,33.053,28.667,,,,,,-1.499,-4.386,0,,,
06-07-2019 06:00,31.74,30.167,74.332,80.671,,,,,32.872,28.444,,,,,,-1.573,-4.428,0,,,
06-07-2019 07:00,31.535,30.243,75.43,81.56,,,,,32.665,29.265,,,,,,-1.292,-3.4,0,,,
06-07-2019 08:00,31.689,30.95,74.352,77.336,,,,,32.536,31.306,,,,,,-0.739,-1.23,0,,,
06-07-2019 09:00,31.996,32.15,71.727,69.901,,,,,32.536,34.36,,,,,,0.154,1.824,0,,,
06-07-2019 10:00,32.407,33.209,69.55,65.653,,,,,32.639,36.933,,,,,,0.802,4.294,0,,,
06-07-2019 11:00,32.717,34.677,67.364,59.094,,,,,32.742,40.775,,,,,,1.96,8.033,0,,,
06-07-2019 12:00,32.975,35.689,69.284,62.203,,,,,32.898,42.923,,,,,,2.714,10.025,0,,,
06-07-2019 13:00,33.001,36.335,70.329,59.983,,,,,32.924,43.556,,,,,,3.334,10.632,0,,,
06-07-2019 14:00,32.898,36.606,70.341,59.001,,,,,32.898,43.586,,,,,,3.708,10.688,0,,,
06-07-2019 15:00,32.872,36.851,71.828,60.669,,,,,32.949,42.416,,,,,,3.979,9.467,0,,,
06-07-2019 16:00,32.768,36.742,74.409,62.687,,,,,33.027,41.356,,,,,,3.974,8.329,0,,,
06-07-2019 17:00,32.355,34.545,76.873,70.209,,,,,33.079,37.949,,,,,,2.19,4.87,0,,,
06-07-2019 18:00,32.201,33.626,75.649,70.686,,,,,33.105,35.262,,,,,,1.425,2.157,0,,,
06-07-2019 19:00,32.15,33.079,74.441,71.106,,,,,33.235,33.495,,,,,,0.929,0.26,0,,,
06-07-2019 20:00,32.175,32.691,74.926,73.701,,,,,33.365,32.381,,,,,,0.516,-0.984,0,,,
06-07-2019 21:00,32.201,32.355,73.639,72.944,,,,,33.469,31.765,,,,,,0.154,-1.704,0,,,
06-07-2019 22:00,32.15,32.124,71.907,71.539,,,,,33.495,31.281,,,,,,-0.026,-2.214,0,,,
06-07-2019 23:00,32.175,31.408,70.971,73.428,,,,,33.495,30.849,,,,,,-0.767,-2.646,0,,,
06-08-2019 00:00,32.021,31.433,71.459,73.433,,,,,33.417,30.444,,,,,,-0.588,-2.973,0,,,
06-08-2019 01:00,31.944,31.052,72.202,75.604,,,,,33.313,29.991,,,,,,-0.892,-3.322,0,,,
06-08-2019 02:00,31.944,30.748,72.444,76.97,,,,,33.235,29.565,,,,,,-1.196,-3.67,0,,,
06-08-2019 03:00,31.893,30.495,72.706,78.218,,,,,33.157,29.14,,,,,,-1.398,-4.017,0,,,
06-08-2019 04:00,31.816,30.217,72.993,78.955,,,,,33.001,28.766,,,,,,-1.599,-4.235,0,,,
06-08-2019 05:00,31.944,30.091,72.353,78.812,,,,,32.924,28.32,,,,,,-1.853,-4.604,0,,,
06-08-2019 06:00,31.919,29.916,72.228,79.684,,,,,32.82,27.974,,,,,,-2.003,-4.846,0,,,
06-08-2019 07:00,31.637,29.815,72.357,78.257,,,,,32.639,28.791,,,,,,-1.822,-3.848,0,,,
06-08-2019 08:00,31.689,30.52,66.694,67.841,,,,,32.484,30.849,,,,,,-1.169,-1.635,0,,,
06-08-2019 09:00,32.047,31.816,63.844,61.465,,,,,32.433,33.887,,,,,,-0.231,1.454,0,,,
06-08-2019 10:00,32.458,33.626,60.213,53.618,,,,,32.51,37.59,,,,,,1.168,5.08,0,,,
06-08-2019 11:00,33.053,35.262,57.131,48.184,,,,,32.742,41.065,,,,,,2.209,8.323,0,,,
06-08-2019 12:00,33.495,36.498,54.921,44.88,,,,,33.027,44.196,,,,,,3.003,11.169,0,,,
06-08-2019 13:00,33.94,37.645,52.884,41.848,,,,,33.339,46.226,,,,,,3.705,12.887,0,,,
06-08-2019 14:00,34.045,38.812,56.22,45.818,,,,,33.521,47.06,,,,,,4.767,13.539,0,,,
06-08-2019 15:00,33.6,38.087,60.864,48.932,,,,,33.417,44.905,,,,,,4.487,11.488,0,,,
06-08-2019 16:00,33.209,37.178,68.096,58.058,,,,,33.365,42.09,,,,,,3.969,8.725,0,,,
06-08-2019 17:00,32.949,36.065,69.494,60.484,,,,,33.417,39.318,,,,,,3.116,5.901,0,,,
06-08-2019 18:00,32.794,34.863,70.139,64.525,,,,,33.521,36.742,,,,,,2.069,3.221,0,,,
06-08-2019 19:00,32.639,33.887,72.18,68.739,,,,,33.626,34.466,,,,,,1.248,0.84,0,,,
06-08-2019 20:00,32.587,33.079,73.32,72.837,,,,,33.783,33.079,,,,,,0.492,-0.704,0,,,
06-08-2019 21:00,32.742,33.131,70.77,69.097,,,,,33.887,32.381,,,,,,0.389,-1.506,0,,,
06-08-2019 22:00,32.587,32.562,68.234,67.553,,,,,33.861,31.816,,,,,,-0.025,-2.045,0,,,
06-08-2019 23:00,32.381,31.996,69.546,71.333,,,,,33.809,31.255,,,,,,-0.385,-2.554,0,,,
06-09-2019 00:00,32.175,31.459,70.789,74.008,,,,,33.704,30.849,,,,,,-0.716,-2.855,0,,,
06-09-2019 01:00,32.073,31.23,70.922,74.294,,,,,33.574,30.394,,,,,,-0.843,-3.18,0,,,
06-09-2019 02:00,31.944,30.798,70.169,74.152,,,,,33.443,29.991,,,,,,-1.146,-3.452,0,,,
06-09-2019 03:00,31.765,30.621,69.466,73.159,,,,,33.261,29.615,,,,,,-1.144,-3.646,0,,,
06-09-2019 04:00,31.612,30.243,69.103,73.716,,,,,33.079,29.265,,,,,,-1.369,-3.814,0,,,
06-09-2019 05:00,31.484,29.966,68.775,73.813,,,,,32.898,28.965,,,,,,-1.518,-3.933,0,,,
06-09-2019 06:00,31.484,29.74,67.519,72.843,,,,,32.742,28.766,,,,,,-1.744,-3.976,0,,,
06-09-2019 07:00,31.382,30.066,66.764,70.496,,,,,32.536,29.565,,,,,,-1.316,-2.971,0,,,
06-09-2019 08:00,31.586,31.052,65.504,66.585,,,,,32.433,31.637,,,,,,-0.534,-0.796,0,,,
06-09-2019 09:00,32.073,32.253,64.315,61.878,,,,,32.587,34.492,,,,,,0.18,1.905,0,,,
06-09-2019 10:00,32.484,33.914,62.041,57.194,,,,,32.613,37.645,,,,,,1.43,5.032,0,,,
06-09-2019 11:00,32.949,35.155,60.888,53.439,,,,,32.794,40.833,,,,,,2.206,8.039,0,,,
06-09-2019 12:00,33.365,36.389,58.515,48.159,,,,,33.027,43.284,,,,,,3.024,10.257,0,,,
06-09-2019 13:00,34.019,38.17,53.769,42.446,,,,,33.391,45.186,,,,,,4.151,11.795,0,,,
06-09-2019 14:00,34.281,39.149,54.257,40.991,,,,,33.626,46.449,,,,,,4.868,12.823,0,,,
06-09-2019 15:00,34.598,40.114,52.259,38.492,,,,,33.94,46.738,,,,,,5.516,12.798,0,,,
06-09-2019 16:00,34.81,39.886,50.427,37.851,,,,,34.255,45.499,,,,,,5.076,11.244,0,,,
06-09-2019 17:00,34.836,39.573,50.692,41.615,,,,,34.466,43.284,,,,,,4.737,8.818,0,,,
06-09-2019 18:00,34.15,37.618,61.581,53.35,,,,,34.387,39.914,,,,,,3.468,5.527,0,,,
06-09-2019 19:00,33.809,36.281,64.383,57.99,,,,,34.44,37.042,,,,,,2.472,2.602,0,,,
06-09-2019 20:00,33.757,35.689,63.467,57.807,,,,,34.572,35.315,,,,,,1.932,0.743,0,,,
06-09-2019 21:00,33.6,34.281,62.47,59.766,,,,,34.624,34.097,,,,,,0.681,-0.527,0,,,
06-09-2019 22:00,33.443,33.809,62.225,60.612,,,,,34.651,33.079,,,,,,0.366,-1.572,0,,,
06-09-2019 23:00,33.313,33.391,62.078,61.146,,,,,34.651,32.227,,,,,,0.078,-2.424,0,,,
06-10-2019 00:00,33.313,33.027,60.882,60.869,,,,,34.624,31.561,,,,,,-0.286,-3.063,0,,,
06-10-2019 01:00,33.105,32.407,60.913,62.404,,,,,34.519,30.925,,,,,,-0.698,-3.594,0,,,
06-10-2019 02:00,33.053,31.944,59.515,61.798,,,,,34.413,30.343,,,,,,-1.109,-4.07,0,,,
06-10-2019 03:00,32.742,31.281,57.818,60.502,,,,,34.202,29.865,,,,,,-1.461,-4.337,0,,,
06-10-2019 04:00,32.717,30.9,57.178,61.195,,,,,34.019,29.439,,,,,,-1.817,-4.58,0,,,
06-10-2019 05:00,32.587,30.646,57.286,62.091,,,,,33.835,29.065,,,,,,-1.941,-4.77,0,,,
06-10-2019 06:00,32.253,30.293,58.602,64.237,,,,,33.626,28.841,,,,,,-1.96,-4.785,0,,,
06-10-2019 07:00,32.073,30.469,60.185,65.008,,,,,33.365,29.84,,,,,,-1.604,-3.525,0,,,
06-10-2019 08:00,32.15,31.281,60.291,62.473,,,,,33.105,31.944,,,,,,-0.869,-1.161,0,,,
06-10-2019 09:00,32.33,32.227,59.278,58.693,,,,,32.949,34.624,,,,,,-0.103,1.675,0,,,
06-10-2019 10:00,32.639,33.131,58.311,56.216,,,,,32.975,37.042,,,,,,0.492,4.067,0,,,
06-10-2019 11:00,32.794,34.045,57.221,53.255,,,,,32.975,38.952,,,,,,1.251,5.977,0,,,
06-10-2019 12:00,33.313,35.368,56.53,50.171,,,,,33.183,41.181,,,,,,2.055,7.998,0,,,
06-10-2019 13:00,33.835,36.987,54.614,45.504,,,,,33.469,43.223,,,,,,3.152,9.754,0,,,
06-10-2019 14:00,34.15,37.755,54.207,45.025,,,,,33.704,43.829,,,,,,3.605,10.125,0,,,
06-10-2019 15:00,34.413,38.17,52.656,42.716,,,,,33.966,43.86,,,,,,3.757,9.894,0,,,
06-10-2019 16:00,34.757,39.065,50.616,38.731,,,,,34.281,43.738,,,,,,4.308,9.457,0,,,
06-10-2019 17:00,34.942,38.282,45.764,37.489,,,,,34.519,41.913,,,,,,3.34,7.394,0,,,
06-10-2019 18:00,34.704,37.59,47.456,39.741,,,,,34.624,39.601,,,,,,2.886,4.977,0,,,
06-10-2019 19:00,34.492,36.552,49.764,45.253,,,,,34.677,37.563,,,,,,2.06,2.886,0,,,
06-10-2019 20:00,34.308,35.502,49.314,43.228,,,,,34.757,36.065,,,,,,1.194,1.308,0,,,
06-10-2019 21:00,34.097,34.545,49.452,47.04,,,,,34.757,34.757,,,,,,0.448,0,0,,,
06-10-2019 22:00,33.94,34.071,50.151,48.793,,,,,34.783,33.835,,,,,,0.131,-0.948,0,,,
06-10-2019 23:00,33.757,33.495,50.519,49.931,,,,,34.757,32.949,,,,,,-0.262,-1.808,0,,,
06-11-2019 00:00,33.574,32.742,50.658,51.07,,,,,34.677,32.098,,,,,,-0.832,-2.579,0,,,
06-11-2019 01:00,33.365,32.073,49.195,50.787,,,,,34.545,31.459,,,,,,-1.292,-3.086,0,,,
06-11-2019 02:00,33.079,31.612,49.616,52.117,,,,,34.387,30.925,,,,,,-1.467,-3.462,0,,,
06-11-2019 03:00,33.001,31.23,50.876,54.889,,,,,34.281,30.495,,,,,,-1.771,-3.786,0,,,
06-11-2019 04:00,32.742,30.849,53.206,58.643,,,,,34.097,30.041,,,,,,-1.893,-4.056,0,,,
06-11-2019 05:00,32.587,30.343,54.921,61.544,,,,,33.887,29.615,,,,,,-2.244,-4.272,0,,,
06-11-2019 06:00,32.355,30.091,56.168,63.183,,,,,33.678,29.29,,,,,,-2.264,-4.388,0,,,
06-11-2019 07:00,32.278,30.268,57.495,63.924,,,,,33.469,29.916,,,,,,-2.01,-3.553,0,,,
06-11-2019 08:00,32.304,31.204,57.689,61.18,,,,,33.261,32.253,,,,,,-1.1,-1.008,0,,,
06-11-2019 09:00,32.665,32.407,56.5,56.527,,,,,33.261,34.995,,,,,,-0.258,1.734,0,,,
06-11-2019 10:00,32.924,33.313,55.61,53.736,,,,,33.261,37.178,,,,,,0.389,3.917,0,,,
06-11-2019 11:00,33.365,34.942,53.904,48.968,,,,,33.391,40.891,,,,,,1.577,7.5,0,,,
06-11-2019 12:00,33.835,36.471,52.578,44.676,,,,,33.574,43.344,,,,,,2.636,9.77,0,,,
06-11-2019 13:00,34.308,37.343,50.264,41.275,,,,,33.835,44.843,,,,,,3.035,11.008,0,,,
06-11-2019 14:00,34.73,38.644,48.514,38.791,,,,,34.176,45.75,,,,,,3.914,11.574,0,,,
06-11-2019 15:00,35.102,39.093,45.483,35.847,,,,,34.492,45.467,,,,,,3.991,10.975,0,,,
06-11-2019 16:00,35.475,39.234,43.526,35.377,,,,,34.889,44.534,,,,,,3.759,9.645,0,,,
06-11-2019 17:00,35.448,39.121,44.958,36.711,,,,,35.102,43.013,,,,,,3.673,7.911,0,,,
06-11-2019 18:00,35.422,38.309,45.654,38.826,,,,,35.262,41.036,,,,,,2.887,5.774,0,,,
06-11-2019 19:00,35.182,37.425,46.985,41.216,,,,,35.315,38.616,,,,,,2.243,3.301,0,,,
06-11-2019 20:00,34.995,36.688,47.888,43.226,,,,,35.395,36.987,,,,,,1.693,1.592,0,,,
06-11-2019 21:00,34.889,35.904,48.928,45.144,,,,,35.502,35.877,,,,,,1.015,0.375,0,,,
06-11-2019 22:00,34.598,34.916,48.069,46.622,,,,,35.448,34.916,,,,,,0.318,-0.532,0,,,
06-11-2019 23:00,34.387,34.097,48.996,48.632,,,,,35.395,34.097,,,,,,-0.29,-1.298,0,,,
06-12-2019 00:00,34.229,33.417,49.37,50.377,,,,,35.368,33.339,,,,,,-0.812,-2.029,0,,,
06-12-2019 01:00,33.94,32.742,50.02,52.107,,,,,35.208,32.587,,,,,,-1.198,-2.621,0,,,
06-12-2019 02:00,33.73,32.098,50.809,54.596,,,,,35.022,31.842,,,,,,-1.632,-3.18,0,,,
06-12-2019 03:00,33.574,31.561,52.219,57.769,,,,,34.916,31.103,,,,,,-2.013,-3.813,0,,,
06-12-2019 04:00,33.417,31.153,53.524,59.917,,,,,34.757,30.545,,,,,,-2.264,-4.212,0,,,
06-12-2019 05:00,33.495,31.001,54.116,61.023,,,,,34.651,30.066,,,,,,-2.494,-4.585,0,,,
06-12-2019 06:00,33.704,31.23,54.177,60.996,,,,,34.624,29.59,,,,,,-2.474,-5.034,0,,,
06-12-2019 07:00,33.209,30.976,55.747,62.829,,,,,34.413,30.621,,,,,,-2.233,-3.792,0,,,
06-12-2019 08:00,33.209,31.51,56.227,61.103,,,,,34.176,32.639,,,,,,-1.699,-1.537,0,,,
06-12-2019 09:00,33.469,32.872,55.142,56.019,,,,,34.097,35.315,,,,,,-0.597,1.218,0,,,
06-12-2019 10:00,33.809,34.229,53.998,51.786,,,,,34.124,38.393,,,,,,0.42,4.269,0,,,
06-12-2019 11:00,34.176,35.636,51.812,47.106,,,,,34.229,41.414,,,,,,1.46,7.185,0,,,
06-12-2019 12:00,34.492,36.688,51.235,45.069,,,,,34.334,43.829,,,,,,2.196,9.495,0,,,
06-12-2019 13:00,34.969,38.06,49.234,41.351,,,,,34.572,45.279,,,,,,3.091,10.707,0,,,
06-12-2019 14:00,34.387,36.715,54.175,49.026,,,,,34.492,43.647,,,,,,2.328,9.155,0,,,
06-12-2019 15:00,34.598,38.616,56.749,47.567,,,,,34.572,45.154,,,,,,4.018,10.582,0,,,
06-12-2019 16:00,35.342,39.431,48.557,38.013,,,,,34.969,44.812,,,,,,4.089,9.843,0,,,
06-12-2019 17:00,35.475,39.346,47.219,37.97,,,,,35.235,43.435,,,,,,3.871,8.2,0,,,
06-12-2019 18:00,35.395,38.421,47.606,40.03,,,,,35.395,41.065,,,,,,3.026,5.67,0,,,
06-12-2019 19:00,35.235,37.728,48.972,42.735,,,,,35.529,39.121,,,,,,2.493,3.592,0,,,
06-12-2019 20:00,35.182,36.742,50.541,46.243,,,,,35.636,37.563,,,,,,1.56,1.927,0,,,
06-12-2019 21:00,35.128,36.012,50.763,47.682,,,,,35.77,36.308,,,,,,0.884,0.538,0,,,
06-12-2019 22:00,34.995,35.368,51.105,49.383,,,,,35.85,35.368,,,,,,0.373,-0.482,0,,,
06-12-2019 23:00,34.942,34.942,51.425,50.444,,,,,35.877,34.598,,,,,,0,-1.279,0,,,
06/13/19 12:00:00 AM,34.916,34.281,51.617,52.509,,,,,35.904,33.887,,,,,,-0.635,-2.017,0,,,
06/13/19 01:00:00 AM,34.598,33.443,52.194,54.592,,,,,35.797,33.001,,,,,,-1.155,-2.796,0,,,
06/13/19 02:00:00 AM,34.572,32.484,52.613,58.002,,,,,35.716,32.15,,,,,,-2.088,-3.566,0,,,
06/13/19 03:00:00 AM,34.545,32.175,53.096,59.065,,,,,35.662,31.459,,,,,,-2.37,-4.203,0,,,
06/13/19 04:00:00 AM,34.44,31.689,53.6,60.849,,,,,35.555,30.798,,,,,,-2.751,-4.757,0,,,
06/13/19 05:00:00 AM,34.176,31.026,54.21,63.149,,,,,35.368,30.192,,,,,,-3.15,-5.176,0,,,
06/13/19 06:00:00 AM,33.73,30.773,54.052,61.987,,,,,35.102,29.69,,,,,,-2.957,-5.412,0,,,
06/13/19 07:00:00 AM,33.678,30.9,53.851,61.507,,,,,34.836,30.545,,,,,,-2.778,-4.291,0,,,
06/13/19 08:00:00 AM,33.574,31.637,54.739,60.086,,,,,34.677,32.484,,,,,,-1.937,-2.193,0,,,
06/13/19 09:00:00 AM,33.757,32.846,54.571,56.303,,,,,34.519,35.636,,,,,,-0.911,1.117,0,,,
06/13/19 10:00:00 AM,33.992,33.966,53.442,53.114,,,,,34.413,38.616,,,,,,-0.026,4.203,0,,,
06/13/19 11:00:00 AM,34.44,35.422,51.456,47.874,,,,,34.519,42.267,,,,,,0.982,7.748,0,,,
06/13/19 12:00:00 PM,34.863,36.715,49.647,44.302,,,,,34.73,45.467,,,,,,1.852,10.737,0,,,
06/13/19 01:00:00 PM,35.075,37.645,48.359,41.036,,,,,34.863,47.028,,,,,,2.57,12.165,0,,,
06/13/19 02:00:00 PM,35.395,39.065,48.102,44.503,,,,,35.102,48.504,,,,,,3.67,13.402,0,,,
06/13/19 03:00:00 PM,34.308,37.425,60.721,53.455,,,,,34.783,45.499,,,,,,3.117,10.716,0,,,
06/13/19 04:00:00 PM,34.255,36.878,64.238,57.079,,,,,34.863,43.073,,,,,,2.623,8.21,0,,,
06/13/19 05:00:00 PM,33.966,35.716,65.22,60.621,,,,,34.916,40.057,,,,,,1.75,5.141,0,,,
06/13/19 06:00:00 PM,32.691,33.287,58.065,55.95,,,,,34.598,36.824,,,,,,0.596,2.226,0,,,
06/13/19 07:00:00 PM,32.407,31.893,61.055,62.791,,,,,34.545,33.783,,,,,,-0.514,-0.762,0,,,
06/13/19 08:00:00 PM,32.355,32.304,63.957,67.323,,,,,34.598,30.722,,,,,,-0.051,-3.876,0,,,
06/13/19 09:00:00 PM,32.458,30.621,64.658,71.111,,,,,34.704,29.24,,,,,,-1.837,-5.464,0,,,
06/13/19 10:00:00 PM,31.612,29.34,62.246,71.237,,,,,34.334,27.53,,,,,,-2.272,-6.804,0,,,
06/13/19 11:00:00 PM,32.227,29.916,60.807,67.063,,,,,34.492,27.604,,,,,,-2.311,-6.888,0,,,
06/14/19 12:00:00 AM,32.355,29.89,60.292,68.249,,,,,34.466,27.653,,,,,,-2.465,-6.813,0,,,
06/14/19 01:00:00 AM,31.893,29.34,62.322,71.898,,,,,34.281,27.727,,,,,,-2.553,-6.554,0,,,
06/14/19 02:00:00 AM,31.893,29.09,63.352,74.509,,,,,34.019,27.751,,,,,,-2.803,-6.268,0,,,
06/14/19 03:00:00 AM,32.098,29.065,64.164,75.749,,,,,33.914,27.677,,,,,,-3.033,-6.237,0,,,
06/14/19 04:00:00 AM,32.021,28.965,64.12,76.025,,,,,33.678,27.677,,,,,,-3.056,-6.001,0,,,
06/14/19 05:00:00 AM,32.124,28.99,64.665,76.413,,,,,33.521,27.677,,,,,,-3.134,-5.844,0,,,
06/14/19 06:00:00 AM,31.97,28.941,65.445,76.875,,,,,33.313,27.776,,,,,,-3.029,-5.537,0,,,
06/14/19 07:00:00 AM,31.996,29.315,65.264,76.212,,,,,33.131,28.617,,,,,,-2.681,-4.514,0,,,
06/14/19 08:00:00 AM,31.868,29.84,63.939,70.817,,,,,32.924,30.849,,,,,,-2.028,-2.075,0,,,
06/14/19 09:00:00 AM,32.047,30.9,62.69,65.358,,,,,32.794,34.202,,,,,,-1.147,1.408,0,,,
06/14/19 10:00:00 AM,32.458,32.278,58.918,57.336,,,,,32.82,37.921,,,,,,-0.18,5.101,0,,,
06/14/19 11:00:00 AM,32.872,33.417,57.774,56.354,,,,,32.924,41.123,,,,,,0.545,8.199,0,,,
06/14/19 12:00:00 PM,33.209,34.572,57.887,52.84,,,,,33.079,43.374,,,,,,1.363,10.295,0,,,
06/14/19 01:00:00 PM,33.495,35.235,56.173,50.154,,,,,33.235,45.562,,,,,,1.74,12.327,0,,,
06/14/19 02:00:00 PM,33.783,35.85,53.025,45.538,,,,,33.417,46.258,,,,,,2.067,12.841,0,,,
06/14/19 03:00:00 PM,33.966,36.905,53.729,47.924,,,,,33.652,46.481,,,,,,2.939,12.829,0,,,
06/14/19 04:00:00 PM,34.045,37.343,55.577,48.475,,,,,33.835,46.003,,,,,,3.298,12.168,0,,,
06/14/19 05:00:00 PM,33.548,35.931,63.84,59.187,,,,,33.835,42.297,,,,,,2.383,8.462,0,,,
06/14/19 06:00:00 PM,33.079,34.863,67.981,65.214,,,,,33.887,38.532,,,,,,1.784,4.645,0,,,
06/14/19 07:00:00 PM,32.975,34.598,67.748,64.262,,,,,33.992,35.716,,,,,,1.623,1.724,0,,,
06/14/19 08:00:00 PM,32.924,33.835,69.183,69.006,,,,,34.124,33.914,,,,,,0.911,-0.21,0,,,
06/14/19 09:00:00 PM,32.975,33.783,70.843,70.102,,,,,34.308,32.794,,,,,,0.808,-1.514,0,,,
06/14/19 10:00:00 PM,32.768,33.157,65.393,63.839,,,,,34.255,32.381,,,,,,0.389,-1.874,0,,,
06/14/19 11:00:00 PM,32.691,32.768,66.65,66.941,,,,,34.255,31.816,,,,,,0.077,-2.439,0,,,
06/15/19 12:00:00 AM,32.536,32.51,66.283,66.619,,,,,34.15,31.281,,,,,,-0.026,-2.869,0,,,
06/15/19 01:00:00 AM,32.484,32.124,65.501,66.738,,,,,34.097,30.824,,,,,,-0.36,-3.273,0,,,
06/15/19 02:00:00 AM,32.433,31.765,65.399,67.936,,,,,34.019,30.318,,,,,,-0.668,-3.701,0,,,
06/15/19 03:00:00 AM,32.381,31.586,65.731,68.701,,,,,33.94,29.79,,,,,,-0.795,-4.15,0,,,
06/15/19 04:00:00 AM,32.201,31.153,65.112,68.533,,,,,33.783,29.315,,,,,,-1.048,-4.468,0,,,
06/15/19 05:00:00 AM,32.407,30.849,63.279,67.746,,,,,33.678,28.841,,,,,,-1.558,-4.837,0,,,
06/15/19 06:00:00 AM,32.355,30.976,62.709,67.002,,,,,33.548,28.419,,,,,,-1.379,-5.129,0,,,
06/15/19 07:00:00 AM,32.253,30.773,61.847,65.583,,,,,33.417,29.59,,,,,,-1.48,-3.827,0,,,
06/15/19 08:00:00 AM,32.304,31.433,61.071,63.308,,,,,33.235,31.765,,,,,,-0.871,-1.47,0,,,
06/15/19 09:00:00 AM,32.717,32.639,57.56,55.602,,,,,33.209,34.757,,,,,,-0.078,1.548,0,,,
06/15/19 10:00:00 AM,33.261,34.124,53.664,48.109,,,,,33.365,38.254,,,,,,0.863,4.889,0,,,
06/15/19 11:00:00 AM,33.652,34.969,51.71,46.231,,,,,33.521,41.123,,,,,,1.317,7.602,0,,,
06/15/19 12:00:00 PM,34.045,35.877,49.74,43.605,,,,,33.704,43.707,,,,,,1.832,10.003,0,,,
06/15/19 01:00:00 PM,34.281,36.688,49.409,42.419,,,,,33.887,46.29,,,,,,2.407,12.403,0,,,
06/15/19 02:00:00 PM,34.545,37.921,46.941,37.625,,,,,34.071,46.995,,,,,,3.376,12.924,0,,,
06/15/19 03:00:00 PM,33.992,36.579,56.18,51.312,,,,,33.966,45.342,,,,,,2.587,11.376,0,,,
06/15/19 04:00:00 PM,33.914,36.606,62.865,59.769,,,,,34.019,43.647,,,,,,2.692,9.628,0,,,
06/15/19 05:00:00 PM,33.6,36.039,65.937,60.193,,,,,34.045,40.978,,,,,,2.439,6.933,0,,,
06/15/19 06:00:00 PM,33.313,34.889,67.158,63.557,,,,,34.071,38.004,,,,,,1.576,3.933,0,,,
06/15/19 07:00:00 PM,33.183,34.598,68.338,65.513,,,,,34.176,35.288,,,,,,1.415,1.112,0,,,
06/15/19 08:00:00 PM,33.001,33.992,70.482,69.741,,,,,34.229,33.574,,,,,,0.991,-0.655,0,,,
06/15/19 09:00:00 PM,33.469,34.36,68.296,65.286,,,,,34.519,32.82,,,,,,0.891,-1.699,0,,,
06/15/19 10:00:00 PM,33.391,33.966,66.026,64.253,,,,,34.624,32.33,,,,,,0.575,-2.294,0,,,
06/15/19 11:00:00 PM,33.105,33.001,65.574,66.3,,,,,34.492,31.816,,,,,,-0.104,-2.676,0,,,
06/16/19 12:00:00 AM,32.794,32.691,67.47,69.234,,,,,34.334,31.23,,,,,,-0.103,-3.104,0,,,
06/16/19 01:00:00 AM,32.639,32.355,67.935,69.602,,,,,34.176,30.722,,,,,,-0.284,-3.454,0,,,
06/16/19 02:00:00 AM,32.562,31.893,66.349,68.97,,,,,34.045,30.293,,,,,,-0.669,-3.752,0,,,
06/16/19 03:00:00 AM,32.717,31.714,64.67,67.928,,,,,34.019,29.865,,,,,,-1.003,-4.154,0,,,
06/16/19 04:00:00 AM,32.51,31.306,64.605,68.621,,,,,33.835,29.464,,,,,,-1.204,-4.371,0,,,
06/16/19 05:00:00 AM,32.536,31.052,64.08,68.942,,,,,33.73,29.04,,,,,,-1.484,-4.69,0,,,
06/16/19 06:00:00 AM,32.484,30.925,63.448,68.004,,,,,33.6,28.766,,,,,,-1.559,-4.834,0,,,
06/16/19 07:00:00 AM,32.407,30.824,62.342,66.484,,,,,33.469,29.615,,,,,,-1.583,-3.854,0,,,
06/16/19 08:00:00 AM,32.433,31.561,60.461,61.925,,,,,33.287,31.689,,,,,,-0.872,-1.598,0,,,
06/16/19 09:00:00 AM,32.768,32.691,57.79,55.289,,,,,33.261,34.598,,,,,,-0.077,1.337,0,,,
06/16/19 10:00:00 AM,33.105,33.861,55.315,51.185,,,,,33.287,37.645,,,,,,0.756,4.358,0,,,
06/16/19 11:00:00 AM,33.469,35.075,52.917,46.111,,,,,33.417,40.862,,,,,,1.606,7.445,0,,,
06/16/19 12:00:00 PM,33.887,36.146,50.862,43.702,,,,,33.6,43.435,,,,,,2.259,9.835,0,,,
06/16/19 01:00:00 PM,34.176,36.933,48.674,40.622,,,,,33.809,45.877,,,,,,2.757,12.068,0,,,
06/16/19 02:00:00 PM,34.651,38.254,49.161,45.619,,,,,34.097,47.613,,,,,,3.603,13.516,0,,,
06/16/19 03:00:00 PM,34.255,37.7,57.339,48.42,,,,,34.071,45.877,,,,,,3.445,11.806,0,,,
06/16/19 04:00:00 PM,34.124,37.398,58.214,51.814,,,,,34.124,44.135,,,,,,3.274,10.011,0,,,
06/16/19 05:00:00 PM,33.73,36.335,64.901,59.344,,,,,34.124,41.473,,,,,,2.605,7.349,0,,,
06/16/19 06:00:00 PM,33.339,34.81,67.78,65.642,,,,,34.15,38.393,,,,,,1.471,4.243,0,,,
06/16/19 07:00:00 PM,33.157,34.677,67.872,64.776,,,,,34.255,35.555,,,,,,1.52,1.3,0,,,
06/16/19 08:00:00 PM,33.105,33.783,67.277,66.588,,,,,34.334,33.887,,,,,,0.678,-0.447,0,,,
06/16/19 09:00:00 PM,33.053,33.652,69.267,69.895,,,,,34.413,32.872,,,,,,0.599,-1.541,0,,,
06/16/19 10:00:00 PM,33.001,33.521,68.675,68.089,,,,,34.492,32.201,,,,,,0.52,-2.291,0,,,
06/16/19 11:00:00 PM,32.794,32.898,65.77,65.88,,,,,34.387,31.689,,,,,,0.104,-2.698,0,,,
06/17/19 12:00:00 AM,32.639,32.484,67.443,69.044,,,,,34.308,31.103,,,,,,-0.155,-3.205,0,,,
06/17/19 01:00:00 AM,32.381,31.97,68.351,70.812,,,,,34.124,30.646,,,,,,-0.411,-3.478,0,,,
06/17/19 02:00:00 AM,32.562,32.124,66.009,67.415,,,,,34.097,30.243,,,,,,-0.438,-3.854,0,,,
06/17/19 03:00:00 AM,32.433,31.765,65.925,68.641,,,,,33.966,29.89,,,,,,-0.668,-4.076,0,,,
06/17/19 04:00:00 AM,32.587,31.51,64.99,68.627,,,,,33.914,29.565,,,,,,-1.077,-4.349,0,,,
06/17/19 05:00:00 AM,32.613,31.306,64.591,68.407,,,,,33.783,29.24,,,,,,-1.307,-4.543,0,,,
06/17/19 06:00:00 AM,32.613,31.281,62.03,65.206,,,,,33.652,29.09,,,,,,-1.332,-4.562,0,,,
06/17/19 07:00:00 AM,32.304,31.128,60,61.794,,,,,33.443,29.79,,,,,,-1.176,-3.653,0,,,
06/17/19 08:00:00 AM,32.381,31.689,57.669,56.963,,,,,33.261,31.561,,,,,,-0.692,-1.7,0,,,
06/17/19 09:00:00 AM,32.768,32.975,52.175,48,,,,,33.209,34.44,,,,,,0.207,1.231,0,,,
06/17/19 10:00:00 AM,33.183,34.097,49.172,44.337,,,,,33.287,37.48,,,,,,0.914,4.193,0,,,
06/17/19 11:00:00 AM,33.574,35.342,47.515,40.455,,,,,33.443,40.717,,,,,,1.768,7.274,0,,,
06/17/19 12:00:00 PM,33.94,36.065,45.248,38.192,,,,,33.626,42.564,,,,,,2.125,8.938,0,,,
06/17/19 01:00:00 PM,34.44,37.343,41.838,34.686,,,,,33.887,44.534,,,,,,2.903,10.647,0,,,
06/17/19 02:00:00 PM,34.492,38.004,41.776,32.982,,,,,34.071,46.035,,,,,,3.512,11.964,0,,,
06/17/19 03:00:00 PM,34.757,38.616,40.461,30.493,,,,,34.281,46.162,,,,,,3.859,11.881,0,,,
06/17/19 04:00:00 PM,34.677,38.337,46.527,39.545,,,,,34.387,44.319,,,,,,3.66,9.932,0,,,
06/17/19 05:00:00 PM,34.308,36.905,55.164,52.142,,,,,34.387,41.268,,,,,,2.597,6.881,0,,,
06/17/19 06:00:00 PM,34.15,36.2,56.01,51.754,,,,,34.492,38.282,,,,,,2.05,3.79,0,,,
06/17/19 07:00:00 PM,33.835,35.049,64.294,63.551,,,,,34.572,35.529,,,,,,1.214,0.957,0,,,
06/17/19 08:00:00 PM,34.019,35.208,65.385,63.451,,,,,34.783,34.176,,,,,,1.189,-0.607,0,,,
06/17/19 09:00:00 PM,34.045,34.942,65.763,64.851,,,,,34.942,33.235,,,,,,0.897,-1.707,0,,,
06/17/19 10:00:00 PM,33.914,34.097,67.632,68.991,,,,,34.969,32.381,,,,,,0.183,-2.588,0,,,
06/17/19 11:00:00 PM,33.861,33.626,67.438,69.829,,,,,34.969,31.612,,,,,,-0.235,-3.357,0,,,
06/18/19 12:00:00 AM,33.704,33.365,64.459,65.307,,,,,34.916,31.153,,,,,,-0.339,-3.763,0,,,
06/18/19 01:00:00 AM,33.521,32.717,63.742,67.055,,,,,34.757,30.646,,,,,,-0.804,-4.111,0,,,
06/18/19 02:00:00 AM,33.417,32.484,63.756,67.17,,,,,34.598,30.243,,,,,,-0.933,-4.355,0,,,
06/18/19 03:00:00 AM,33.287,32.124,63.891,68.367,,,,,34.466,29.865,,,,,,-1.163,-4.601,0,,,
06/18/19 04:00:00 AM,33.287,31.842,64.079,69.754,,,,,34.334,29.615,,,,,,-1.445,-4.719,0,,,
06/18/19 05:00:00 AM,33.079,31.484,64.013,69.416,,,,,34.15,29.265,,,,,,-1.595,-4.885,0,,,
06/18/19 06:00:00 AM,32.949,31.331,61.455,65.708,,,,,33.966,29.24,,,,,,-1.618,-4.726,0,,,
06/18/19 07:00:00 AM,33.001,31.077,61.4,67.265,,,,,33.809,29.69,,,,,,-1.924,-4.119,0,,,
06/18/19 08:00:00 AM,33.079,31.74,60.278,62.391,,,,,33.704,31.382,,,,,,-1.339,-2.322,0,,,
06/18/19 09:00:00 AM,33.183,32.587,57.406,57.986,,,,,33.6,33.809,,,,,,-0.596,0.209,0,,,
06/18/19 10:00:00 AM,33.391,33.704,55.035,52.042,,,,,33.548,37.425,,,,,,0.313,3.877,0,,,
06/18/19 11:00:00 AM,33.887,35.395,52.909,45.318,,,,,33.73,41.59,,,,,,1.508,7.86,0,,,
06/18/19 12:00:00 PM,34.202,35.823,48.382,42.324,,,,,33.861,42.983,,,,,,1.621,9.122,0,,,
06/18/19 01:00:00 PM,34.36,36.281,48.665,42.442,,,,,33.966,42.654,,,,,,1.921,8.688,0,,,
06/18/19 02:00:00 PM,34.572,36.525,44.823,38.986,,,,,34.097,41.707,,,,,,1.953,7.61,0,,,
06/18/19 03:00:00 PM,34.73,36.878,45.539,39.26,,,,,34.281,41.414,,,,,,2.148,7.133,0,,,
06/18/19 04:00:00 PM,34.81,37.508,48.721,43.654,,,,,34.466,41.678,,,,,,2.698,7.212,0,,,
06/18/19 05:00:00 PM,34.229,35.797,57.655,56.278,,,,,34.44,39.375,,,,,,1.568,4.935,0,,,
06/18/19 06:00:00 PM,33.757,34.783,64.749,64.825,,,,,34.387,37.015,,,,,,1.026,2.628,0,,,
06/18/19 07:00:00 PM,33.626,34.492,63.509,63.116,,,,,34.413,34.995,,,,,,0.866,0.582,0,,,
06/18/19 08:00:00 PM,33.521,33.574,65.986,68.129,,,,,34.387,33.652,,,,,,0.053,-0.735,0,,,
06/18/19 09:00:00 PM,33.652,33.548,66.504,69.355,,,,,34.466,32.82,,,,,,-0.104,-1.646,0,,,
06/18/19 10:00:00 PM,33.704,33.548,65.675,67.322,,,,,34.545,32.227,,,,,,-0.156,-2.318,0,,,
06/18/19 11:00:00 PM,33.443,33.157,63.416,64.026,,,,,34.466,31.842,,,,,,-0.286,-2.624,0,,,
06/19/19 12:00:00 AM,33.339,32.872,61.075,62.04,,,,,34.334,31.382,,,,,,-0.467,-2.952,0,,,
06/19/19 01:00:00 AM,33.235,32.407,62.16,65.488,,,,,34.255,30.9,,,,,,-0.828,-3.355,0,,,
06/19/19 02:00:00 AM,33.235,32.253,61.689,64.531,,,,,34.176,30.545,,,,,,-0.982,-3.631,0,,,
06/19/19 03:00:00 AM,33.053,31.842,59.705,62.376,,,,,34.019,30.091,,,,,,-1.211,-3.928,0,,,
06/19/19 04:00:00 AM,33.027,31.408,57.542,60.522,,,,,33.887,29.64,,,,,,-1.619,-4.247,0,,,
06/19/19 05:00:00 AM,33.001,30.925,57.219,62.51,,,,,33.783,29.265,,,,,,-2.076,-4.518,0,,,
06/19/19 06:00:00 AM,32.691,30.571,57.46,63.354,,,,,33.574,28.916,,,,,,-2.12,-4.658,0,,,
06/19/19 07:00:00 AM,32.794,30.748,56.647,61.546,,,,,33.443,29.715,,,,,,-2.046,-3.728,0,,,
06/19/19 08:00:00 AM,32.872,31.612,54.319,56.093,,,,,33.339,31.663,,,,,,-1.26,-1.676,0,,,
06/19/19 09:00:00 AM,33.131,32.768,52.483,51.138,,,,,33.313,34.783,,,,,,-0.363,1.47,0,,,
06/19/19 10:00:00 AM,33.495,34.097,50.583,47.151,,,,,33.391,38.087,,,,,,0.602,4.696,0,,,
06/19/19 11:00:00 AM,33.835,35.662,49.385,42.777,,,,,33.548,41.56,,,,,,1.827,8.012,0,,,
06/19/19 12:00:00 PM,34.124,36.092,47.154,40.838,,,,,33.678,43.799,,,,,,1.968,10.121,0,,,
06/19/19 01:00:00 PM,34.308,36.606,49.249,47.721,,,,,33.861,44.658,,,,,,2.298,10.797,0,,,
06/19/19 02:00:00 PM,34.019,36.2,55.574,51.361,,,,,33.757,43.404,,,,,,2.181,9.647,0,,,
06/19/19 03:00:00 PM,33.835,35.931,59.062,54.714,,,,,33.757,42.267,,,,,,2.096,8.51,0,,,
06/19/19 04:00:00 PM,33.757,35.877,62.589,59.147,,,,,33.835,41.065,,,,,,2.12,7.23,0,,,
06/19/19 05:00:00 PM,33.391,34.466,69.511,70.072,,,,,33.835,38.365,,,,,,1.075,4.53,0,,,
06/19/19 06:00:00 PM,33.313,34.334,69.436,68.354,,,,,33.94,35.904,,,,,,1.021,1.964,0,,,
06/19/19 07:00:00 PM,33.313,33.73,68.515,68.526,,,,,34.071,33.966,,,,,,0.417,-0.105,0,,,
06/19/19 08:00:00 PM,33.183,33.574,64.965,63.876,,,,,34.124,32.949,,,,,,0.391,-1.175,0,,,
06/19/19 09:00:00 PM,33.157,33.027,65.521,67.51,,,,,34.15,32.253,,,,,,-0.13,-1.897,0,,,
06/19/19 10:00:00 PM,33.053,32.742,65.161,66.442,,,,,34.15,31.868,,,,,,-0.311,-2.282,0,,,
06/19/19 11:00:00 PM,32.949,32.536,61.989,63.144,,,,,34.045,31.765,,,,,,-0.413,-2.28,0,,,
06/20/19 12:00:00 AM,32.742,32.458,63.271,64.689,,,,,33.94,31.408,,,,,,-0.284,-2.532,0,,,
06/20/19 01:00:00 AM,32.82,32.047,63.659,66.909,,,,,33.887,31.077,,,,,,-0.773,-2.81,0,,,
06/20/19 02:00:00 AM,32.691,31.816,64.23,67.731,,,,,33.757,30.672,,,,,,-0.875,-3.085,0,,,
06/20/19 03:00:00 AM,32.768,31.663,63.838,67.55,,,,,33.73,30.192,,,,,,-1.105,-3.538,0,,,
06/20/19 04:00:00 AM,32.742,31.459,61.831,64.988,,,,,33.626,29.916,,,,,,-1.283,-3.71,0,,,
06/20/19 05:00:00 AM,32.82,31.255,60.616,64.552,,,,,33.548,29.74,,,,,,-1.565,-3.808,0,,,
06/20/19 06:00:00 AM,32.717,31.128,57.751,59.599,,,,,33.443,29.79,,,,,,-1.589,-3.653,0,,,
06/20/19 07:00:00 AM,32.717,31.408,55.292,56.7,,,,,33.313,30.293,,,,,,-1.309,-3.02,0,,,
06/20/19 08:00:00 AM,32.639,31.74,55.953,58.018,,,,,33.157,31.612,,,,,,-0.899,-1.545,0,,,
06/20/19 09:00:00 AM,32.82,32.742,56.651,54.686,,,,,33.105,34.15,,,,,,-0.078,1.045,0,,,
06/20/19 10:00:00 AM,33.157,33.6,52.907,49.683,,,,,33.157,36.389,,,,,,0.443,3.232,0,,,
06/20/19 11:00:00 AM,33.574,35.075,51.634,45.779,,,,,33.313,39.601,,,,,,1.501,6.288,0,,,
06/20/19 12:00:00 PM,33.914,35.743,49.69,43.489,,,,,33.521,40.949,,,,,,1.829,7.428,0,,,
06/20/19 01:00:00 PM,34.229,37.151,48.155,39.695,,,,,33.73,43.314,,,,,,2.922,9.584,0,,,
06/20/19 02:00:00 PM,34.704,37.728,46.266,38.426,,,,,34.045,45.562,,,,,,3.024,11.517,0,,,
06/20/19 03:00:00 PM,34.863,38.532,45.688,36.827,,,,,34.255,45.908,,,,,,3.669,11.653,0,,,
06/20/19 04:00:00 PM,35.128,38.84,44.388,35.651,,,,,34.545,45.342,,,,,,3.712,10.797,0,,,
06/20/19 05:00:00 PM,34.519,37.535,54.678,48.731,,,,,34.466,42.535,,,,,,3.016,8.069,0,,,
06/20/19 06:00:00 PM,34.387,36.146,55.594,53.737,,,,,34.519,39.375,,,,,,1.759,4.856,0,,,
06/20/19 07:00:00 PM,34.281,36.335,58.812,56.485,,,,,34.651,36.606,,,,,,2.054,1.955,0,,,
06/20/19 08:00:00 PM,34.255,35.716,62.291,60.303,,,,,34.863,34.81,,,,,,1.461,-0.053,0,,,
06/20/19 09:00:00 PM,34.176,34.889,64.506,64.78,,,,,34.969,33.548,,,,,,0.713,-1.421,0,,,
06/20/19 10:00:00 PM,34.019,34.73,65.758,66.127,,,,,35.049,32.82,,,,,,0.711,-2.229,0,,,
06/20/19 11:00:00 PM,33.6,34.097,61.872,60.403,,,,,34.836,32.51,,,,,,0.497,-2.326,0,,,
06/21/19 12:00:00 AM,33.548,33.783,61.266,60.987,,,,,34.783,32.098,,,,,,0.235,-2.685,0,,,
06/21/19 01:00:00 AM,33.678,33.469,60.307,60.433,,,,,34.783,31.535,,,,,,-0.209,-3.248,0,,,
06/21/19 02:00:00 AM,33.548,32.949,59.082,60.163,,,,,34.677,31.026,,,,,,-0.599,-3.651,0,,,
06/21/19 03:00:00 AM,33.313,32.355,56.178,57.633,,,,,34.466,30.621,,,,,,-0.958,-3.845,0,,,
06/21/19 04:00:00 AM,33.365,32.047,55.16,57.747,,,,,34.387,30.192,,,,,,-1.318,-4.195,0,,,
06/21/19 05:00:00 AM,33.443,31.561,55.331,59.602,,,,,34.308,29.815,,,,,,-1.882,-4.493,0,,,
06/21/19 06:00:00 AM,33.339,31.204,54.642,58.728,,,,,34.176,29.49,,,,,,-2.135,-4.686,0,,,
06/21/19 07:00:00 AM,33.235,31.51,53.661,56.333,,,,,33.966,30.343,,,,,,-1.725,-3.623,0,,,
06/21/19 08:00:00 AM,33.027,31.765,52.954,55.381,,,,,33.783,31.612,,,,,,-1.262,-2.171,0,,,
06/21/19 09:00:00 AM,33.209,32.562,52.008,51.046,,,,,33.678,33.809,,,,,,-0.647,0.131,0,,,
06/21/19 10:00:00 AM,33.391,33.209,50.374,48.652,,,,,33.626,35.609,,,,,,-0.182,1.983,0,,,
06/21/19 11:00:00 AM,33.574,33.966,48.697,45.317,,,,,33.6,37.425,,,,,,0.392,3.825,0,,,
06/21/19 12:00:00 PM,33.835,34.598,47.35,43.127,,,,,33.678,39.177,,,,,,0.763,5.499,0,,,
06/21/19 01:00:00 PM,33.992,35.288,46.115,41.359,,,,,33.757,40.516,,,,,,1.296,6.759,0,,,
06/21/19 02:00:00 PM,33.992,35.235,46.016,41.588,,,,,33.757,39.857,,,,,,1.243,6.1,0,,,
06/21/19 03:00:00 PM,34.097,35.529,45.598,40.812,,,,,33.861,39.601,,,,,,1.432,5.74,0,,,
06/21/19 04:00:00 PM,34.176,35.85,46.104,41.048,,,,,33.966,39.545,,,,,,1.674,5.579,0,,,
06/21/19 05:00:00 PM,33.992,35.208,54.249,54.839,,,,,34.019,37.976,,,,,,1.216,3.957,,,,
06/21/19 06:00:00 PM,33.73,34.73,57.805,57.665,,,,,34.045,35.904,,,,,,1,1.859,,,,
06/21/19 07:00:00 PM,33.574,34.15,61.805,62.935,,,,,34.071,33.94,,,,,,0.576,-0.131,,,,
06/21/19 08:00:00 PM,33.417,33.209,66.805,71.83,,,,,34.097,32.665,,,,,,-0.208,-1.432,,,,
06/21/19 09:00:00 PM,33.261,32.898,65.134,67.827,,,,,34.097,31.868,,,,,,-0.363,-2.229,,,,
06/21/19 10:00:00 PM,33.469,32.846,64.857,69.537,,,,,34.124,31.306,,,,,,-0.623,-2.818,,,,
06/21/19 11:00:00 PM,33.626,32.691,66.5,72.22,,,,,34.176,31.001,,,,,,-0.935,-3.175,,,,
06/22/19 12:00:00 AM,33.626,32.536,66.345,71.311,,,,,34.176,30.773,,,,,,-1.09,-3.403,,,,
06/22/19 01:00:00 AM,33.287,32.201,62.357,64.895,,,,,34.045,30.621,,,,,,-1.086,-3.424,,,,
06/22/19 02:00:00 AM,33.053,31.765,58.373,60.829,,,,,33.835,30.571,,,,,,-1.288,-3.264,,,,
06/22/19 03:00:00 AM,33.157,31.637,57.402,60.715,,,,,33.757,30.369,,,,,,-1.52,-3.388,,,,
06/22/19 04:00:00 AM,32.82,31.281,56.97,60.628,,,,,33.548,30.217,,,,,,-1.539,-3.331,,,,
06/22/19 05:00:00 AM,32.691,30.976,56.664,60.956,,,,,33.365,30.016,,,,,,-1.715,-3.349,,,,
06/22/19 06:00:00 AM,32.51,30.697,55.871,60.161,,,,,33.209,29.79,,,,,,-1.813,-3.419,,,,
06/22/19 07:00:00 AM,32.665,30.722,55.573,60.321,,,,,33.105,30.495,,,,,,-1.943,-2.61,,,,
06/22/19 08:00:00 AM,32.742,31.204,55.648,59.138,,,,,33.053,31.765,,,,,,-1.538,-1.288,,,,
06/22/19 09:00:00 AM,32.872,32.33,54.319,54.853,,,,,33.001,34.73,,,,,,-0.542,1.729,,,,
06/22/19 10:00:00 AM,33.157,33.678,51.774,48.054,,,,,33.053,36.905,,,,,,0.521,3.852,,,,
06/22/19 11:00:00 AM,33.417,34.176,50.084,47.26,,,,,33.131,38.254,,,,,,0.759,5.123,,,,
06/22/19 12:00:00 PM,33.914,35.448,49.919,45.823,,,,,33.417,41.972,,,,,,1.534,8.555,,,,
06/22/19 01:00:00 PM,34.281,36.498,45.487,39.153,,,,,33.678,44.288,,,,,,2.217,10.61,,,,
06/22/19 02:00:00 PM,34.651,37.288,43.9,36.536,,,,,33.94,45.687,,,,,,2.637,11.747,,,,
06/22/19 03:00:00 PM,35.075,38.17,41.974,34.658,,,,,34.255,46.162,,,,,,3.095,11.907,,,,
06/22/19 04:00:00 PM,35.182,38.365,42.153,34.675,,,,,34.545,45.03,,,,,,3.183,10.485,,,,
06/22/19 05:00:00 PM,34.545,37.37,55.004,50.297,,,,,34.44,41.942,,,,,,2.825,7.502,,,,
06/22/19 06:00:00 PM,34.969,37.618,44.836,37.971,,,,,34.704,40.057,,,,,,2.649,5.353,,,,
06/22/19 07:00:00 PM,34.942,37.015,43.031,37.843,,,,,34.889,38.087,,,,,,2.073,3.198,,,,
06/22/19 08:00:00 PM,34.651,36.281,47.053,45.288,,,,,34.942,36.633,,,,,,1.63,1.691,,,,
06/22/19 09:00:00 PM,34.097,34.36,56.163,57.898,,,,,34.995,34.519,,,,,,0.263,-0.476,,,,
06/22/19 10:00:00 PM,33.809,33.6,58.072,60.326,,,,,34.995,33.105,,,,,,-0.209,-1.89,,,,
06/22/19 11:00:00 PM,33.992,33.678,57.109,58.212,,,,,35.075,32.201,,,,,,-0.314,-2.874,,,,
06/23/19 12:00:00 AM,34.019,32.949,56.697,59.689,,,,,35.102,31.535,,,,,,-1.07,-3.567,,,,
06/23/19 01:00:00 AM,33.914,32.691,56.329,59.933,,,,,35.075,31.153,,,,,,-1.223,-3.922,,,,
06/23/19 02:00:00 AM,33.94,32.433,56.205,59.988,,,,,34.995,30.874,,,,,,-1.507,-4.121,,,,
06/23/19 03:00:00 AM,33.861,32.304,56.482,60.504,,,,,34.889,30.596,,,,,,-1.557,-4.293,,,,
06/23/19 04:00:00 AM,33.809,32.073,57.05,62.507,,,,,34.783,30.444,,,,,,-1.736,-4.339,,,,
06/23/19 05:00:00 AM,33.73,31.816,57.901,63.433,,,,,34.651,30.268,,,,,,-1.914,-4.383,,,,
06/23/19 06:00:00 AM,33.548,31.689,56.916,61.977,,,,,34.492,30.091,,,,,,-1.859,-4.401,,,,
06/23/19 07:00:00 AM,33.287,31.612,57.293,62.371,,,,,34.229,30.369,,,,,,-1.675,-3.86,,,,
06/23/19 08:00:00 AM,33.131,31.331,56.824,61.607,,,,,34.019,31.433,,,,,,-1.8,-2.586,,,,
06/23/19 09:00:00 AM,33.131,32.433,56.504,58.629,,,,,33.809,34.783,,,,,,-0.698,0.974,,,,
06/23/19 10:00:00 AM,33.521,33.443,54.474,53.237,,,,,33.835,38.087,,,,,,-0.078,4.252,,,,
06/23/19 11:00:00 AM,33.757,34.44,51.691,48.247,,,,,33.861,41.268,,,,,,0.683,7.407,,,,
06/23/19 12:00:00 PM,33.966,35.128,50.709,46.117,,,,,33.94,43.404,,,,,,1.162,9.464,,,,
06/23/19 01:00:00 PM,34.387,36.173,49.128,43.538,,,,,34.124,46.035,,,,,,1.786,11.911,,,,
06/23/19 02:00:00 PM,34.15,35.743,54.981,52.412,,,,,34.097,43.89,,,,,,1.593,9.793,,,,
06/23/19 03:00:00 PM,33.783,35.529,57.11,53.197,,,,,34.019,42.09,,,,,,1.746,8.071,,,,
06/23/19 04:00:00 PM,33.966,36.254,58.127,52.839,,,,,34.124,41.59,,,,,,2.288,7.466,,,,
06/23/19 05:00:00 PM,33.966,35.797,59.939,57.501,,,,,34.255,40.257,,,,,,1.831,6.002,,,,
06/23/19 06:00:00 PM,33.391,34.677,65.995,65.089,,,,,34.281,37.151,,,,,,1.286,2.87,,,,
06/23/19 07:00:00 PM,33.131,33.992,68.36,68.572,,,,,34.255,34.677,,,,,,0.861,0.422,,,,
06/23/19 08:00:00 PM,33.339,33.209,68.827,71.83,,,,,34.413,32.15,,,,,,-0.13,-2.263,,,,
06/23/19 09:00:00 PM,33.001,32.381,68.921,73.853,,,,,34.44,29.665,,,,,,-0.62,-4.775,,,,
06/23/19 10:00:00 PM,33.131,31.868,69.741,77.668,,,,,34.492,28.742,,,,,,-1.263,-5.75,,,,
06/23/19 11:00:00 PM,33.209,31.996,71.404,79.88,,,,,34.545,28.965,,,,,,-1.213,-5.58,,,,
06/24/19 12:00:00 AM,32.872,29.59,70.519,83.761,,,,,34.44,28.891,,,,,,-3.282,-5.549,,,,
06/24/19 01:00:00 AM,32.846,30.419,68.985,79.026,,,,,34.308,28.369,,,,,,-2.427,-5.939,,,,
06/24/19 02:00:00 AM,32.898,30.52,69.332,78.871,,,,,34.176,28.097,,,,,,-2.378,-6.079,,,,
06/24/19 03:00:00 AM,32.665,30.142,69.902,79.936,,,,,33.992,27.924,,,,,,-2.523,-6.068,,,,
06/24/19 04:00:00 AM,32.717,29.916,69.758,81.171,,,,,33.835,27.751,,,,,,-2.801,-6.084,,,,
06/24/19 05:00:00 AM,32.587,29.414,69.796,82.888,,,,,33.652,27.456,,,,,,-3.173,-6.196,,,,
06/24/19 06:00:00 AM,32.484,29.34,70.114,83.073,,,,,33.469,27.284,,,,,,-3.144,-6.185,,,,
06/24/19 07:00:00 AM,32.51,29.29,70.576,83.293,,,,,33.287,27.579,,,,,,-3.22,-5.708,,,,
06/24/19 08:00:00 AM,32.484,29.615,70.997,82.931,,,,,33.131,29.09,,,,,,-2.869,-4.041,,,,
06/24/19 09:00:00 AM,32.278,29.966,71.658,81.327,,,,,32.949,30.773,,,,,,-2.312,-2.176,,,,
06/24/19 10:00:00 AM,32.355,30.748,66.345,68.431,,,,,32.794,32.562,,,,,,-1.607,-0.232,,,,
06/24/19 11:00:00 AM,32.407,31.281,65.519,68.433,,,,,32.665,34.466,,,,,,-1.126,1.801,,,,
06/24/19 12:00:00 PM,32.407,31.842,64.308,66.011,,,,,32.536,35.797,,,,,,-0.565,3.261,,,,
06/24/19 01:00:00 PM,32.613,32.665,66.235,70.329,,,,,32.562,37.453,,,,,,0.052,4.891,,,,
06/24/19 02:00:00 PM,32.639,33.157,67.135,67.532,,,,,32.587,38.115,,,,,,0.518,5.528,,,,
06/24/19 03:00:00 PM,32.665,33.443,66.892,65.475,,,,,32.613,38.143,,,,,,0.778,5.53,,,,
06/24/19 04:00:00 PM,32.562,33.235,68.229,68.655,,,,,32.639,37.042,,,,,,0.673,4.403,,,,
06/24/19 05:00:00 PM,32.278,32.898,70.473,70.31,,,,,32.587,36.065,,,,,,0.62,3.478,,,,
06/24/19 06:00:00 PM,32.073,32.613,70.101,69.862,,,,,32.51,34.545,,,,,,0.54,2.035,,,,
06/24/19 07:00:00 PM,32.073,32.304,72.71,74.92,,,,,32.613,32.639,,,,,,0.231,0.026,,,,
06/24/19 08:00:00 PM,31.996,31.868,74.081,77.282,,,,,32.665,31.484,,,,,,-0.128,-1.181,,,,
06/24/19 09:00:00 PM,31.919,31.663,71.016,72.542,,,,,32.691,30.748,,,,,,-0.256,-1.943,,,,
06/24/19 10:00:00 PM,30.925,30.066,64.373,65.71,,,,,32.278,30.041,,,,,,-0.859,-2.237,,,,
06/24/19 11:00:00 PM,31.459,30.394,64.523,67.819,,,,,32.304,29.04,,,,,,-1.065,-3.264,,,,
06/25/19 12:00:00 AM,31.689,29.615,64.655,70.685,,,,,32.407,28.642,,,,,,-2.074,-3.765,,,,
06/25/19 01:00:00 AM,31.689,29.615,64.096,70.444,,,,,32.381,28.122,,,,,,-2.074,-4.259,,,,
06/25/19 02:00:00 AM,31.663,29.59,64.805,71.855,,,,,32.33,27.899,,,,,,-2.073,-4.431,,,,
06/25/19 03:00:00 AM,31.586,29.09,65.875,75.428,,,,,32.253,27.875,,,,,,-2.496,-4.378,,,,
06/25/19 04:00:00 AM,31.612,29.389,66.465,74.537,,,,,32.175,27.924,,,,,,-2.223,-4.251,,,,
06/25/19 05:00:00 AM,31.535,29.14,68.203,77.562,,,,,32.073,27.801,,,,,,-2.395,-4.272,,,,
06/25/19 06:00:00 AM,31.51,29.215,68.993,78.838,,,,,31.97,27.628,,,,,,-2.295,-4.342,,,,
06/25/19 07:00:00 AM,31.433,28.941,69.681,79.57,,,,,31.842,27.85,,,,,,-2.492,-3.992,,,,
06/25/19 08:00:00 AM,31.459,29.215,69.716,79.539,,,,,31.74,28.841,,,,,,-2.244,-2.899,,,,
06/25/19 09:00:00 AM,31.204,29.64,71.43,78.749,,,,,31.637,30.041,,,,,,-1.564,-1.596,,,,
06/25/19 10:00:00 AM,31.408,30.824,67.629,67.343,,,,,31.561,32.872,,,,,,-0.584,1.311,,,,
06/25/19 11:00:00 AM,31.663,31.637,63.563,61.468,,,,,31.535,34.863,,,,,,-0.026,3.328,,,,
06/25/19 12:00:00 PM,31.996,32.665,61.179,56.66,,,,,31.663,38.365,,,,,,0.669,6.702,,,,
06/25/19 01:00:00 PM,32.536,34.44,55.811,47.523,,,,,31.97,42.714,,,,,,1.904,10.744,,,,
06/25/19 02:00:00 PM,32.381,34.229,62.619,57.272,,,,,31.97,41.181,,,,,,1.848,9.211,,,,
06/25/19 03:00:00 PM,32.381,34.651,64.117,57.205,,,,,32.021,40.804,,,,,,2.27,8.783,,,,
06/25/19 04:00:00 PM,32.33,34.255,65.072,60.237,,,,,32.098,39.177,,,,,,1.925,7.079,,,,
06/25/19 05:00:00 PM,32.253,34.097,63.847,58.943,,,,,32.15,37.37,,,,,,1.844,5.22,,,,
06/25/19 06:00:00 PM,32.047,33.287,71.403,70.044,,,,,32.253,34.995,,,,,,1.24,2.742,,,,
06/25/19 07:00:00 PM,31.868,32.433,73.304,74.134,,,,,32.355,33.183,,,,,,0.565,0.828,,,,
06/25/19 08:00:00 PM,31.868,32.278,74.417,74.825,,,,,32.484,32.047,,,,,,0.41,-0.437,,,,
06/25/19 09:00:00 PM,31.663,31.689,74.167,75.28,,,,,32.484,31.331,,,,,,0.026,-1.153,,,,
06/25/19 10:00:00 PM,31.586,31.484,66.799,65.611,,,,,32.433,30.824,,,,,,-0.102,-1.609,,,,
06/25/19 11:00:00 PM,31.331,31.077,68.564,69.982,,,,,32.278,30.369,,,,,,-0.254,-1.909,,,,
06/26/19 12:00:00 AM,31.255,30.419,64.149,66.108,,,,,32.201,29.414,,,,,,-0.836,-2.787,,,,
06/26/19 01:00:00 AM,31.331,30.192,65.276,69.063,,,,,32.201,28.816,,,,,,-1.139,-3.385,,,,
06/26/19 02:00:00 AM,31.433,29.89,66.404,72.781,,,,,32.201,28.444,,,,,,-1.543,-3.757,,,,
06/26/19 03:00:00 AM,31.204,29.69,68.45,75.189,,,,,32.098,28.27,,,,,,-1.514,-3.828,,,,
06/26/19 04:00:00 AM,31.001,29.365,69.208,76.458,,,,,31.944,28.097,,,,,,-1.636,-3.847,,,,
06/26/19 05:00:00 AM,31.103,29.315,68.768,76.271,,,,,31.868,27.653,,,,,,-1.788,-4.215,,,,
06/26/19 06:00:00 AM,31.103,29.265,68.218,75.699,,,,,31.765,27.456,,,,,,-1.838,-4.309,,,,
06/26/19 07:00:00 AM,31.179,29.665,68.079,74.411,,,,,31.689,27.825,,,,,,-1.514,-3.864,,,,
06/26/19 08:00:00 AM,30.976,29.74,68.715,73.352,,,,,31.561,29.265,,,,,,-1.236,-2.296,,,,
06/26/19 09:00:00 AM,30.849,30.091,67.685,70.923,,,,,31.331,30.318,,,,,,-0.758,-1.013,,,,
06/26/19 10:00:00 AM,31.077,30.646,66.528,66.146,,,,,31.306,31.714,,,,,,-0.431,0.408,,,,
06/26/19 11:00:00 AM,31.382,32.073,63.611,60.217,,,,,31.357,35.931,,,,,,0.691,4.574,,,,
06/26/19 12:00:00 PM,31.842,33.287,61.186,55.726,,,,,31.561,39.375,,,,,,1.445,7.814,,,,
06/26/19 01:00:00 PM,31.919,33.391,60.413,55.484,,,,,31.612,39.488,,,,,,1.472,7.876,,,,
06/26/19 02:00:00 PM,31.893,33.626,61.257,55.357,,,,,31.637,38.896,,,,,,1.733,7.259,,,,
06/26/19 03:00:00 PM,32.047,33.783,59.866,54.317,,,,,31.765,38.421,,,,,,1.736,6.656,,,,
06/26/19 04:00:00 PM,32.047,33.809,63.252,60.612,,,,,31.842,37.288,,,,,,1.762,5.446,,,,
06/26/19 05:00:00 PM,31.816,33.235,67.7,65.036,,,,,31.919,35.985,,,,,,1.419,4.066,,,,
06/26/19 06:00:00 PM,31.714,32.717,71.009,70.674,,,,,31.996,34.387,,,,,,1.003,2.391,,,,
06/26/19 07:00:00 PM,31.586,32.15,72.468,72.815,,,,,32.073,32.742,,,,,,0.564,0.669,,,,
06/26/19 08:00:00 PM,31.586,32.047,75.35,76.395,,,,,32.175,31.791,,,,,,0.461,-0.384,,,,
06/26/19 09:00:00 PM,30.976,31.459,72.926,70.567,,,,,32.098,30.697,,,,,,0.483,-1.401,,,,
06/26/19 10:00:00 PM,31.23,31.128,70.404,72.503,,,,,32.098,30.217,,,,,,-0.102,-1.881,,,,
06/26/19 11:00:00 PM,31.459,30.849,73.468,77.404,,,,,32.15,29.115,,,,,,-0.61,-3.035,,,,
06/27/19 12:00:00 AM,31.382,30.672,74.383,78.49,,,,,32.15,28.468,,,,,,-0.71,-3.682,,,,
06/27/19 01:00:00 AM,31.255,29.991,73.969,79.729,,,,,32.073,28.171,,,,,,-1.264,-3.902,,,,
06/27/19 02:00:00 AM,31.026,29.365,73.686,80.793,,,,,31.97,27.801,,,,,,-1.661,-4.169,,,,
06/27/19 03:00:00 AM,31.026,29.389,73.085,79.4,,,,,31.842,27.431,,,,,,-1.637,-4.411,,,,
06/27/19 04:00:00 AM,31.052,29.215,73.12,80.209,,,,,31.74,27.21,,,,,,-1.837,-4.53,,,,
06/27/19 05:00:00 AM,31.001,28.99,72.449,79.988,,,,,31.637,27.038,,,,,,-2.011,-4.599,,,,
06/27/19 06:00:00 AM,30.925,29.065,72.706,80.265,,,,,31.484,26.989,,,,,,-1.86,-4.495,,,,
06/27/19 07:00:00 AM,30.9,29.19,73.092,80.64,,,,,31.382,27.333,,,,,,-1.71,-4.049,,,,
06/27/19 08:00:00 AM,30.95,29.14,72.981,81.123,,,,,31.281,28.543,,,,,,-1.81,-2.738,,,,
06/27/19 09:00:00 AM,30.874,29.916,71.973,75.471,,,,,31.153,31.23,,,,,,-0.958,0.077,,,,
06/27/19 10:00:00 AM,31.23,31.663,67.23,64.247,,,,,31.204,35.475,,,,,,0.433,4.271,,,,
06/27/19 11:00:00 AM,31.51,32.458,64.718,59.929,,,,,31.281,38.449,,,,,,0.948,7.168,,,,
06/27/19 12:00:00 PM,31.816,33.574,62.185,55.125,,,,,31.433,41.327,,,,,,1.758,9.894,,,,
06/27/19 01:00:00 PM,32.201,34.545,59.448,51.796,,,,,31.663,43.254,,,,,,2.344,11.591,,,,
06/27/19 02:00:00 PM,32.124,34.624,64.106,57.554,,,,,31.714,42.297,,,,,,2.5,10.583,,,,
06/27/19 03:00:00 PM,32.047,34.598,64.248,56.62,,,,,31.765,41.414,,,,,,2.551,9.649,,,,
06/27/19 04:00:00 PM,32.021,34.413,65.794,60.484,,,,,31.868,39.545,,,,,,2.392,7.677,,,,
