Date and Time,TA in,TA out,RH in,RH out,intensity_in,Intensity_out,TWl-1 in,TWl-1 out,TWl-2 in,TWl-2 out,TRf in,TRf out,TG in,TG out,TW in,TW out,V in,iDampA,iDampW,Clo ,Wl-1Facing,Wl-2Facing
,1,1,1,1,,,1,1,0,0,0,0,0,0,0,0,0,1,1,0.35,W,W
06-11-2019 00:00,34.36,32.742,51.674,51.07,11.8,,,,,,,,,,,,,,,,,
06-11-2019 01:00,34.229,32.073,51.624,50.787,11.8,,,,,,,,,,,,,,,,,
06-11-2019 02:00,34.019,31.612,51.433,52.117,11.8,,,,,,,,,,,,,,,,,
06-11-2019 03:00,33.835,31.23,51.344,54.889,11.8,,,,,,,,,,,,,,,,,
06-11-2019 04:00,33.678,30.849,51.356,58.643,11.8,,,,,,,,,,,,,,,,,
06-11-2019 05:00,33.548,30.343,51.598,61.544,11.8,,,,,,,,,,,,,,,,,
06-11-2019 06:00,33.417,30.091,51.938,63.183,11.8,,,,,,,,,,,,,,,,,
06-11-2019 07:00,33.313,30.268,52.313,63.924,11.8,,,,,,,,,,,,,,,,,
06-11-2019 08:00,33.209,31.204,52.817,61.18,11.8,,,,,,,,,,,,,,,,,
06-11-2019 09:00,33.469,32.407,54.016,56.527,11.8,,,,,,,,,,,,,,,,,
06-11-2019 10:00,33.365,33.313,54.033,53.736,11.8,,,,,,,,,,,,,,,,,
06-11-2019 11:00,33.235,34.942,54.209,48.968,11.8,,,,,,,,,,,,,,,,,
06-11-2019 12:00,32.665,36.471,53.228,44.676,11.8,,,,,,,,,,,,,,,,,
06-11-2019 13:00,32.304,37.343,52.759,41.275,11.8,,,,,,,,,,,,,,,,,
06-11-2019 14:00,32.227,38.644,52.329,38.791,11.8,,,,,,,,,,,,,,,,,
06-11-2019 15:00,32.227,39.093,52.135,35.847,11.8,,,,,,,,,,,,,,,,,
06-11-2019 16:00,32.872,39.234,52.771,35.377,11.8,,,,,,,,,,,,,,,,,
06-11-2019 17:00,33.365,39.121,52.968,36.711,11.8,,,,,,,,,,,,,,,,,
06-11-2019 18:00,34.704,38.309,54.251,38.826,11.8,,,,,,,,,,,,,,,,,
06-11-2019 19:00,35.689,37.425,54.064,41.216,11.8,,,,,,,,,,,,,,,,,
06-11-2019 20:00,35.77,36.688,52.709,43.226,11.8,,,,,,,,,,,,,,,,,
06-11-2019 21:00,35.422,35.904,52.271,45.144,11.8,,,,,,,,,,,,,,,,,
06-11-2019 22:00,35.128,34.916,51.776,46.622,11.8,,,,,,,,,,,,,,,,,
06-11-2019 23:00,34.836,34.097,51.672,48.632,11.8,,,,,,,,,,,,,,,,,
06-12-2019 00:00,34.624,33.417,51.546,50.377,11.8,,,,,,,,,,,,,,,,,
06-12-2019 01:00,34.413,32.742,51.388,52.107,11.8,,,,,,,,,,,,,,,,,
06-12-2019 02:00,34.097,32.098,51.248,54.596,11.8,,,,,,,,,,,,,,,,,
06-12-2019 03:00,33.809,31.561,51.438,57.769,11.8,,,,,,,,,,,,,,,,,
06-12-2019 04:00,33.704,31.153,51.847,59.917,11.8,,,,,,,,,,,,,,,,,
06-12-2019 05:00,33.652,31.001,52.294,61.023,11.8,,,,,,,,,,,,,,,,,
06-12-2019 06:00,33.574,31.23,52.673,60.996,11.8,,,,,,,,,,,,,,,,,
06-12-2019 07:00,33.443,30.976,53.108,62.829,11.8,,,,,,,,,,,,,,,,,
06-12-2019 08:00,33.417,31.51,53.557,61.103,11.8,,,,,,,,,,,,,,,,,
06-12-2019 09:00,33.548,32.872,54.51,56.019,11.8,,,,,,,,,,,,,,,,,
06-12-2019 10:00,34.942,34.229,56.317,51.786,11.8,,,,,,,,,,,,,,,,,
06-12-2019 11:00,34.836,35.636,54.948,47.106,11.8,,,,,,,,,,,,,,,,,
06-12-2019 12:00,34.308,36.688,54.261,45.069,11.8,,,,,,,,,,,,,,,,,
06-12-2019 13:00,33.652,38.06,53.233,41.351,11.8,,,,,,,,,,,,,,,,,
06-12-2019 14:00,33.235,36.715,52.497,49.026,11.8,,,,,,,,,,,,,,,,,
06-12-2019 15:00,32.975,38.616,51.912,47.567,11.8,,,,,,,,,,,,,,,,,
06-12-2019 16:00,32.717,39.431,51.261,38.013,11.8,,,,,,,,,,,,,,,,,
06-12-2019 17:00,32.562,39.346,50.916,37.97,11.8,,,,,,,,,,,,,,,,,
06-12-2019 18:00,34.124,38.421,52.585,40.03,11.8,,,,,,,,,,,,,,,,,
06-12-2019 19:00,35.075,37.728,52.746,42.735,11.8,,,,,,,,,,,,,,,,,
06-12-2019 20:00,35.368,36.742,52.785,46.243,11.8,,,,,,,,,,,,,,,,,
06-12-2019 21:00,34.995,36.012,52.182,47.682,11.8,,,,,,,,,,,,,,,,,
06-12-2019 22:00,32.536,35.368,51.043,49.383,11.8,,,,,,,,,,,,,,,,,
06-12-2019 23:00,33.678,34.942,52.751,50.444,11.8,,,,,,,,,,,,,,,,,
06/13/19 12:00:00 AM,33.992,34.281,52.988,52.509,11.8,,,,,,,,,,,,,,,,,
06/13/19 01:00:00 AM,34.281,33.443,53.481,54.592,11.8,,,,,,,,,,,,,,,,,
06/13/19 02:00:00 AM,34.44,32.484,53.697,58.002,11.8,,,,,,,,,,,,,,,,,
06/13/19 03:00:00 AM,34.492,32.175,53.834,59.065,11.8,,,,,,,,,,,,,,,,,
06/13/19 04:00:00 AM,34.466,31.689,53.927,60.849,11.8,,,,,,,,,,,,,,,,,
06/13/19 05:00:00 AM,34.413,31.026,54.017,63.149,11.8,,,,,,,,,,,,,,,,,
06/13/19 06:00:00 AM,34.281,30.773,54.128,61.987,11.8,,,,,,,,,,,,,,,,,
06/13/19 07:00:00 AM,34.15,30.9,54.207,61.507,11.8,,,,,,,,,,,,,,,,,
06/13/19 08:00:00 AM,34.019,31.637,54.35,60.086,11.8,,,,,,,,,,,,,,,,,
06/13/19 09:00:00 AM,33.992,32.846,54.54,56.303,11.8,,,,,,,,,,,,,,,,,
06/13/19 10:00:00 AM,34.783,33.966,55.876,53.114,11.8,,,,,,,,,,,,,,,,,
06/13/19 11:00:00 AM,34.598,35.422,55.205,47.874,11.8,,,,,,,,,,,,,,,,,
06/13/19 12:00:00 PM,34.572,36.715,55.137,44.302,11.8,,,,,,,,,,,,,,,,,
06/13/19 01:00:00 PM,34.73,37.645,54.966,41.036,11.8,,,,,,,,,,,,,,,,,
06/13/19 02:00:00 PM,34.783,39.065,54.553,44.503,11.8,,,,,,,,,,,,,,,,,
06/13/19 03:00:00 PM,35.049,37.425,54.849,53.455,11.8,,,,,,,,,,,,,,,,,
06/13/19 04:00:00 PM,35.102,36.878,55.083,57.079,11.8,,,,,,,,,,,,,,,,,
06/13/19 05:00:00 PM,35.022,35.716,55.523,60.621,11.8,,,,,,,,,,,,,,,,,
06/13/19 06:00:00 PM,34.704,33.287,56.154,55.95,11.8,,,,,,,,,,,,,,,,,
06/13/19 07:00:00 PM,34.281,31.893,55.997,62.791,11.8,,,,,,,,,,,,,,,,,
06/13/19 08:00:00 PM,33.495,32.304,55.788,67.323,11.8,,,,,,,,,,,,,,,,,
06/13/19 09:00:00 PM,33.209,30.621,56.323,71.111,11.8,,,,,,,,,,,,,,,,,
06/13/19 10:00:00 PM,33.001,29.34,56.709,71.237,11.8,,,,,,,,,,,,,,,,,
06/13/19 11:00:00 PM,32.691,29.916,57.014,67.063,11.8,,,,,,,,,,,,,,,,,
06/14/19 12:00:00 AM,32.562,29.89,57.6,68.249,11.8,,,,,,,,,,,,,,,,,
06/14/19 01:00:00 AM,32.484,29.34,57.939,71.898,11.8,,,,,,,,,,,,,,,,,
06/14/19 02:00:00 AM,32.407,29.09,58.435,74.509,11.8,,,,,,,,,,,,,,,,,
06/14/19 03:00:00 AM,32.407,29.065,58.815,75.749,11.8,,,,,,,,,,,,,,,,,
06/14/19 04:00:00 AM,32.381,28.965,59.096,76.025,11.8,,,,,,,,,,,,,,,,,
06/14/19 05:00:00 AM,32.33,28.99,59.373,76.413,11.8,,,,,,,,,,,,,,,,,
06/14/19 06:00:00 AM,32.278,28.941,59.712,76.875,3.9,,,,,,,,,,,,,,,,,
06/14/19 07:00:00 AM,32.253,29.315,60.055,76.212,3.9,,,,,,,,,,,,,,,,,
06/14/19 08:00:00 AM,32.278,29.84,60.406,70.817,11.8,,,,,,,,,,,,,,,,,
06/14/19 09:00:00 AM,32.33,30.9,60.666,65.358,11.8,,,,,,,,,,,,,,,,,
06/14/19 10:00:00 AM,32.665,32.278,60.97,57.336,11.8,,,,,,,,,,,,,,,,,
06/14/19 11:00:00 AM,32.691,33.417,60.848,56.354,11.8,,,,,,,,,,,,,,,,,
06/14/19 12:00:00 PM,32.742,34.572,60.383,52.84,11.8,,,,,,,,,,,,,,,,,
06/14/19 01:00:00 PM,32.484,35.235,59.238,50.154,11.8,,,,,,,,,,,,,,,,,
06/14/19 02:00:00 PM,32.227,35.85,58.186,45.538,11.8,,,,,,,,,,,,,,,,,
06/14/19 03:00:00 PM,32.278,36.905,57.368,47.924,11.8,,,,,,,,,,,,,,,,,
06/14/19 04:00:00 PM,32.227,37.343,56.532,48.475,11.8,,,,,,,,,,,,,,,,,
06/14/19 05:00:00 PM,32.098,35.931,55.844,59.187,11.8,,,,,,,,,,,,,,,,,
06/14/19 06:00:00 PM,32.484,34.863,55.899,65.214,11.8,,,,,,,,,,,,,,,,,
06/14/19 07:00:00 PM,32.898,34.598,56.151,64.262,11.8,,,,,,,,,,,,,,,,,
06/14/19 08:00:00 PM,33.105,33.835,56.66,69.006,11.8,,,,,,,,,,,,,,,,,
06/14/19 09:00:00 PM,33.313,33.783,57.457,70.102,11.8,,,,,,,,,,,,,,,,,
06/14/19 10:00:00 PM,33.443,33.157,58.304,63.839,11.8,,,,,,,,,,,,,,,,,
06/14/19 11:00:00 PM,33.391,32.768,58.932,66.941,11.8,,,,,,,,,,,,,,,,,
06/15/19 12:00:00 AM,33.365,32.51,59.118,66.619,11.8,,,,,,,,,,,,,,,,,
06/15/19 01:00:00 AM,33.287,32.124,59.392,66.738,11.8,,,,,,,,,,,,,,,,,
06/15/19 02:00:00 AM,33.209,31.765,59.633,67.936,11.8,,,,,,,,,,,,,,,,,
06/15/19 03:00:00 AM,33.131,31.586,59.843,68.701,11.8,,,,,,,,,,,,,,,,,
06/15/19 04:00:00 AM,33.053,31.153,60.021,68.533,11.8,,,,,,,,,,,,,,,,,
06/15/19 05:00:00 AM,32.924,30.849,60.127,67.746,11.8,,,,,,,,,,,,,,,,,
06/15/19 06:00:00 AM,32.768,30.976,60.166,67.002,11.8,,,,,,,,,,,,,,,,,
06/15/19 07:00:00 AM,32.639,30.773,60.241,65.583,11.8,,,,,,,,,,,,,,,,,
06/15/19 08:00:00 AM,32.613,31.433,60.332,63.308,11.8,,,,,,,,,,,,,,,,,
06/15/19 09:00:00 AM,32.639,32.639,60.304,55.602,11.8,,,,,,,,,,,,,,,,,
06/15/19 10:00:00 AM,33.235,34.124,60.744,48.109,11.8,,,,,,,,,,,,,,,,,
06/15/19 11:00:00 AM,33.183,34.969,59.503,46.231,11.8,,,,,,,,,,,,,,,,,
06/15/19 12:00:00 PM,32.665,35.877,57.775,43.605,11.8,,,,,,,,,,,,,,,,,
06/15/19 01:00:00 PM,35.022,36.688,58.668,42.419,11.8,,,,,,,,,,,,,,,,,
06/15/19 02:00:00 PM,34.545,37.921,56.388,37.625,11.8,,,,,,,,,,,,,,,,,
06/15/19 03:00:00 PM,35.958,36.579,55.979,51.312,11.8,,,,,,,,,,,,,,,,,
06/15/19 04:00:00 PM,35.049,36.606,52.677,59.769,11.8,,,,,,,,,,,,,,,,,
06/15/19 05:00:00 PM,34.229,36.039,52.209,60.193,11.8,,,,,,,,,,,,,,,,,
06/15/19 06:00:00 PM,34.334,34.889,52.775,63.557,11.8,,,,,,,,,,,,,,,,,
06/15/19 07:00:00 PM,34.308,34.598,53.485,65.513,11.8,,,,,,,,,,,,,,,,,
06/15/19 08:00:00 PM,34.229,33.992,54.379,69.741,11.8,,,,,,,,,,,,,,,,,
06/15/19 09:00:00 PM,34.15,34.36,55.367,65.286,11.8,,,,,,,,,,,,,,,,,
06/15/19 10:00:00 PM,34.15,33.966,56.331,64.253,11.8,,,,,,,,,,,,,,,,,
06/15/19 11:00:00 PM,34.045,33.001,57.085,66.3,11.8,,,,,,,,,,,,,,,,,
06/16/19 12:00:00 AM,33.94,32.691,57.74,69.234,11.8,,,,,,,,,,,,,,,,,
06/16/19 01:00:00 AM,33.809,32.355,58.327,69.602,11.8,,,,,,,,,,,,,,,,,
06/16/19 02:00:00 AM,33.652,31.893,58.844,68.97,11.8,,,,,,,,,,,,,,,,,
06/16/19 03:00:00 AM,33.521,31.714,59.237,67.928,11.8,,,,,,,,,,,,,,,,,
06/16/19 04:00:00 AM,33.365,31.306,59.499,68.621,11.8,,,,,,,,,,,,,,,,,
06/16/19 05:00:00 AM,33.235,31.052,59.701,68.942,11.8,,,,,,,,,,,,,,,,,
06/16/19 06:00:00 AM,33.105,30.925,59.839,68.004,11.8,,,,,,,,,,,,,,,,,
06/16/19 07:00:00 AM,33.001,30.824,60.013,66.484,11.8,,,,,,,,,,,,,,,,,
06/16/19 08:00:00 AM,32.949,31.561,60.068,61.925,11.8,,,,,,,,,,,,,,,,,
06/16/19 09:00:00 AM,32.975,32.691,60.04,55.289,11.8,,,,,,,,,,,,,,,,,
06/16/19 10:00:00 AM,32.975,33.861,59.882,51.185,11.8,,,,,,,,,,,,,,,,,
06/16/19 11:00:00 AM,33.001,35.075,59.697,46.111,11.8,,,,,,,,,,,,,,,,,
06/16/19 12:00:00 PM,33.105,36.146,59.396,43.702,11.8,,,,,,,,,,,,,,,,,
06/16/19 01:00:00 PM,33.261,36.933,59.071,40.622,11.8,,,,,,,,,,,,,,,,,
06/16/19 02:00:00 PM,33.391,38.254,58.646,45.619,11.8,,,,,,,,,,,,,,,,,
06/16/19 03:00:00 PM,33.809,37.7,58.581,48.42,11.8,,,,,,,,,,,,,,,,,
06/16/19 04:00:00 PM,34.071,37.398,58.525,51.814,11.8,,,,,,,,,,,,,,,,,
06/16/19 05:00:00 PM,34.229,36.335,58.549,59.344,11.8,,,,,,,,,,,,,,,,,
06/16/19 06:00:00 PM,34.176,34.81,58.796,65.642,11.8,,,,,,,,,,,,,,,,,
06/16/19 07:00:00 PM,33.992,34.677,59.118,64.776,11.8,,,,,,,,,,,,,,,,,
06/16/19 08:00:00 PM,33.757,33.783,59.559,66.588,11.8,,,,,,,,,,,,,,,,,
06/16/19 09:00:00 PM,33.626,33.652,60.204,69.895,11.8,,,,,,,,,,,,,,,,,
06/16/19 10:00:00 PM,34.019,33.521,62.851,68.089,11.8,,,,,,,,,,,,,,,,,
06/16/19 11:00:00 PM,33.757,32.898,63.028,65.88,11.8,,,,,,,,,,,,,,,,,
06/17/19 12:00:00 AM,33.548,32.484,63.214,69.044,11.8,,,,,,,,,,,,,,,,,
06/17/19 01:00:00 AM,33.443,31.97,63.698,70.812,11.8,,,,,,,,,,,,,,,,,
06/17/19 02:00:00 AM,33.287,32.124,64.016,67.415,11.8,,,,,,,,,,,,,,,,,
06/17/19 03:00:00 AM,33.079,31.765,64.013,68.641,11.8,,,,,,,,,,,,,,,,,
06/17/19 04:00:00 AM,32.975,31.51,64.059,68.627,11.8,,,,,,,,,,,,,,,,,
06/17/19 05:00:00 AM,32.872,31.306,64.011,68.407,11.8,,,,,,,,,,,,,,,,,
06/17/19 06:00:00 AM,32.717,31.281,63.736,65.206,11.8,,,,,,,,,,,,,,,,,
06/17/19 07:00:00 AM,32.51,31.128,63.14,61.794,11.8,,,,,,,,,,,,,,,,,
06/17/19 08:00:00 AM,32.407,31.689,62.436,56.963,11.8,,,,,,,,,,,,,,,,,
06/17/19 09:00:00 AM,32.691,32.975,62.042,48,11.8,,,,,,,,,,,,,,,,,
06/17/19 10:00:00 AM,32.846,34.097,61.124,44.337,11.8,,,,,,,,,,,,,,,,,
06/17/19 11:00:00 AM,33.001,35.342,60.455,40.455,11.8,,,,,,,,,,,,,,,,,
06/17/19 12:00:00 PM,32.898,36.065,59.079,38.192,11.8,,,,,,,,,,,,,,,,,
06/17/19 01:00:00 PM,32.587,37.343,57.572,34.686,11.8,,,,,,,,,,,,,,,,,
06/17/19 02:00:00 PM,32.175,38.004,55.855,32.982,11.8,,,,,,,,,,,,,,,,,
06/17/19 03:00:00 PM,31.765,38.616,53.972,30.493,11.8,,,,,,,,,,,,,,,,,
06/17/19 04:00:00 PM,32.33,38.337,53.214,39.545,11.8,,,,,,,,,,,,,,,,,
06/17/19 05:00:00 PM,33.94,36.905,53.046,52.142,11.8,,,,,,,,,,,,,,,,,
06/17/19 06:00:00 PM,33.887,36.2,52.715,51.754,11.8,,,,,,,,,,,,,,,,,
06/17/19 07:00:00 PM,34.36,35.049,53.071,63.551,11.8,,,,,,,,,,,,,,,,,
06/17/19 08:00:00 PM,34.545,35.208,53.744,63.451,11.8,,,,,,,,,,,,,,,,,
06/17/19 09:00:00 PM,34.73,34.942,55.224,64.851,11.8,,,,,,,,,,,,,,,,,
06/17/19 10:00:00 PM,34.783,34.097,56.358,68.991,11.8,,,,,,,,,,,,,,,,,
06/17/19 11:00:00 PM,34.545,33.626,57.158,69.829,11.8,,,,,,,,,,,,,,,,,
06/18/19 12:00:00 AM,34.308,33.365,57.667,65.307,11.8,,,,,,,,,,,,,,,,,
06/18/19 01:00:00 AM,34.071,32.717,58.238,67.055,11.8,,,,,,,,,,,,,,,,,
06/18/19 02:00:00 AM,33.835,32.484,58.713,67.17,11.8,,,,,,,,,,,,,,,,,
06/18/19 03:00:00 AM,33.652,32.124,59.162,68.367,11.8,,,,,,,,,,,,,,,,,
06/18/19 04:00:00 AM,33.495,31.842,59.519,69.754,11.8,,,,,,,,,,,,,,,,,
06/18/19 05:00:00 AM,33.365,31.484,59.879,69.416,11.8,,,,,,,,,,,,,,,,,
06/18/19 06:00:00 AM,33.209,31.331,60.108,65.708,11.8,,,,,,,,,,,,,,,,,
06/18/19 07:00:00 AM,33.079,31.077,60.214,67.265,11.8,,,,,,,,,,,,,,,,,
06/18/19 08:00:00 AM,33.027,31.74,60.206,62.391,11.8,,,,,,,,,,,,,,,,,
06/18/19 09:00:00 AM,33.001,32.587,60.297,57.986,11.8,,,,,,,,,,,,,,,,,
06/18/19 10:00:00 AM,33.783,33.704,60.355,52.042,11.8,,,,,,,,,,,,,,,,,
06/18/19 11:00:00 AM,34.916,35.395,56.891,45.318,11.8,,,,,,,,,,,,,,,,,
06/18/19 12:00:00 PM,33.235,35.823,53.209,42.324,11.8,,,,,,,,,,,,,,,,,
06/18/19 01:00:00 PM,32.536,36.281,51.626,42.442,11.8,,,,,,,,,,,,,,,,,
06/18/19 02:00:00 PM,31.919,36.525,50.443,38.986,11.8,,,,,,,,,,,,,,,,,
06/18/19 03:00:00 PM,31.842,36.878,50.011,39.26,11.8,,,,,,,,,,,,,,,,,
06/18/19 04:00:00 PM,31.816,37.508,49.454,43.654,11.8,,,,,,,,,,,,,,,,,
06/18/19 05:00:00 PM,31.791,35.797,48.865,56.278,11.8,,,,,,,,,,,,,,,,,
06/18/19 06:00:00 PM,32.898,34.783,50.212,64.825,11.8,,,,,,,,,,,,,,,,,
06/18/19 07:00:00 PM,34.124,34.492,62.679,63.116,27.6,,34.81,,,,,,,,,,,,,,,
06/18/19 08:00:00 PM,34.624,33.574,64.141,68.129,11.8,,34.783,,,,,,,,,,,,,,,
06/18/19 09:00:00 PM,34.624,33.548,65.174,69.355,11.8,,34.757,,,,,,,,,,,,,,,
06/18/19 10:00:00 PM,34.466,33.548,65.366,67.322,11.8,,34.651,,,,,,,,,,,,,,,
06/18/19 11:00:00 PM,34.413,33.157,62.757,64.026,11.8,,34.545,,,,,,,,,,,,,,,
06/19/19 12:00:00 AM,34.387,32.872,59.686,62.04,11.8,,34.466,,,,,,,,,,,,,,,
06/19/19 01:00:00 AM,34.229,32.407,60.582,65.488,11.8,,34.334,,,,,,,,,,,,,,,
06/19/19 02:00:00 AM,34.097,32.253,60.498,64.531,11.8,,34.202,,,,,,,,,,,,,,,
06/19/19 03:00:00 AM,33.914,31.842,59.106,62.376,11.8,,34.045,,,,,,,,,,,,,,,
06/19/19 04:00:00 AM,33.704,31.408,57.45,60.522,11.8,,33.861,,,,,,,,,,,,,,,
06/19/19 05:00:00 AM,33.548,30.925,57.044,62.51,11.8,,33.678,,,,,,,,,,,,,,,
06/19/19 06:00:00 AM,33.001,30.571,57.888,63.354,82.8,,33.495,,,,,,,,,,,,,,,
06/19/19 07:00:00 AM,32.665,30.748,57.934,61.546,19.7,,33.131,,,,,,,,,,,,,,,
06/19/19 08:00:00 AM,32.742,31.612,55.424,56.093,35.5,,32.949,,,,,,,,,,,,,,,
06/19/19 09:00:00 AM,33.027,32.768,52.857,51.138,43.4,,32.924,,,,,,,,,,,,,,,
06/19/19 10:00:00 AM,33.339,34.097,52.025,47.151,122.2,,33.131,,,,,,,,,,,,,,,
06/19/19 11:00:00 AM,33.835,35.662,49.582,42.777,67,,33.443,,,,,,,,,,,,,,,
06/19/19 12:00:00 PM,33.757,36.092,49.146,40.838,51.2,,33.521,,,,,,,,,,,,,,,
06/19/19 01:00:00 PM,33.992,36.606,49.798,47.721,43.4,,33.73,,,,,,,,,,,,,,,
06/19/19 02:00:00 PM,34.15,36.2,56.748,51.361,177.4,,33.94,,,,,,,,,,,,,,,
06/19/19 03:00:00 PM,34.229,35.931,59.662,54.714,51.2,,34.124,,,,,,,,,,,,,,,
06/19/19 04:00:00 PM,34.36,35.877,62.15,59.147,35.5,,34.308,,,,,,,,,,,,,,,
06/19/19 05:00:00 PM,34.413,34.466,67.657,70.072,27.6,,34.44,,,,,,,,,,,,,,,
06/19/19 06:00:00 PM,34.281,34.334,68.129,68.354,122.2,,34.44,,,,,,,,,,,,,,,
06/19/19 07:00:00 PM,34.387,33.73,66.909,68.526,11.8,,34.598,,,,,,,,,,,,,,,
06/19/19 08:00:00 PM,34.308,33.574,63.714,63.876,19.7,,34.545,,,,,,,,,,,,,,,
06/19/19 09:00:00 PM,34.36,33.027,63.471,67.51,11.8,,34.519,,,,,,,,,,,,,,,
06/19/19 10:00:00 PM,34.44,32.742,63.233,66.442,11.8,,34.466,,,,,,,,,,,,,,,
06/19/19 11:00:00 PM,34.308,32.536,59.96,63.144,11.8,,34.387,,,,,,,,,,,,,,,
06/20/19 12:00:00 AM,34.15,32.458,60.538,64.689,11.8,,34.255,,,,,,,,,,,,,,,
06/20/19 01:00:00 AM,33.992,32.047,61.272,66.909,11.8,,34.124,,,,,,,,,,,,,,,
06/20/19 02:00:00 AM,33.914,31.816,61.827,67.731,11.8,,33.966,,,,,,,,,,,,,,,
06/20/19 03:00:00 AM,33.757,31.663,61.929,67.55,11.8,,33.835,,,,,,,,,,,,,,,
06/20/19 04:00:00 AM,33.574,31.459,60.796,64.988,11.8,,33.678,,,,,,,,,,,,,,,
06/20/19 05:00:00 AM,33.469,31.255,59.863,64.552,11.8,,33.521,,,,,,,,,,,,,,,
06/20/19 06:00:00 AM,33.131,31.128,57.207,59.599,74.9,,33.365,,,,,,,,,,,,,,,
06/20/19 07:00:00 AM,32.898,31.408,55.222,56.7,11.8,,33.131,,,,,,,,,,,,,,,
06/20/19 08:00:00 AM,32.846,31.74,56.239,58.018,19.7,,32.949,,,,,,,,,,,,,,,
06/20/19 09:00:00 AM,33.105,32.742,57.935,54.686,27.6,,32.949,,,,,,,,,,,,,,,
06/20/19 10:00:00 AM,33.391,33.6,52.713,49.683,43.4,,33.105,,,,,,,,,,,,,,,
06/20/19 11:00:00 AM,33.678,35.075,51.616,45.779,67,,33.261,,,,,,,,,,,,,,,
06/20/19 12:00:00 PM,33.887,35.743,51.481,43.489,153.7,,33.469,,,,,,,,,,,,,,,
06/20/19 01:00:00 PM,34.36,37.151,48.96,39.695,59.1,,33.835,,,,,,,,,,,,,,,
06/20/19 02:00:00 PM,34.757,37.728,47.363,38.426,43.4,,34.176,,,,,,,,,,,,,,,
06/20/19 03:00:00 PM,34.995,38.532,46.665,36.827,43.4,,34.492,,,,,,,,,,,,,,,
06/20/19 04:00:00 PM,35.102,38.84,46.512,35.651,51.2,,34.757,,,,,,,,,,,,,,,
06/20/19 05:00:00 PM,35.182,37.535,55.094,48.731,27.6,,34.969,,,,,,,,,,,,,,,
06/20/19 06:00:00 PM,35.235,36.146,56.713,53.737,106.4,,35.155,,,,,,,,,,,,,,,
06/20/19 07:00:00 PM,35.582,36.335,58.079,56.485,90.7,,35.502,,,,,,,,,,,,,,,
06/20/19 08:00:00 PM,35.582,35.716,60.632,60.303,11.8,,35.582,,,,,,,,,,,,,,,
06/20/19 09:00:00 PM,35.475,34.889,62.485,64.78,11.8,,35.582,,,,,,,,,,,,,,,
06/20/19 10:00:00 PM,35.448,34.73,63.396,66.127,11.8,,35.502,,,,,,,,,,,,,,,
06/20/19 11:00:00 PM,35.448,34.097,59.498,60.403,11.8,,35.422,,,,,,,,,,,,,,,
06/21/19 12:00:00 AM,35.235,33.783,58.508,60.987,11.8,,35.262,,,,,,,,,,,,,,,
06/21/19 01:00:00 AM,35.208,33.469,57.672,60.433,11.8,,35.182,,,,,,,,,,,,,,,
06/21/19 02:00:00 AM,35.022,32.949,56.81,60.163,11.8,,35.049,,,,,,,,,,,,,,,
06/21/19 03:00:00 AM,34.783,32.355,54.586,57.633,11.8,,34.836,,,,,,,,,,,,,,,
06/21/19 04:00:00 AM,34.572,32.047,53.586,57.747,11.8,,34.651,,,,,,,,,,,,,,,
06/21/19 05:00:00 AM,34.308,31.561,54.132,59.602,11.8,,34.413,,,,,,,,,,,,,,,
06/21/19 06:00:00 AM,33.992,31.204,53.765,58.728,11.8,,34.15,,,,,,,,,,,,,,,
06/21/19 07:00:00 AM,33.548,31.51,54.735,56.333,19.7,,33.757,,,,,,,,,,,,,,,
06/21/19 08:00:00 AM,33.391,31.765,53.133,55.381,35.5,,33.521,,,,,,,,,,,,,,,
06/21/19 09:00:00 AM,33.417,32.562,51.549,51.046,35.5,,33.417,,,,,,,,,,,,,,,
06/21/19 10:00:00 AM,33.6,33.209,50.27,48.652,43.4,,33.417,,,,,,,,,,,,,,,
06/21/19 11:00:00 AM,33.757,33.966,48.72,45.317,43.4,,33.495,,,,,,,,,,,,,,,
06/21/19 12:00:00 PM,33.861,34.598,47.814,43.127,59.1,,33.574,,,,,,,,,,,,,,,
06/21/19 01:00:00 PM,33.992,35.288,47.501,41.359,43.4,,33.704,,,,,,,,,,,,,,,
06/21/19 02:00:00 PM,34.097,35.235,47.382,41.588,27.6,,33.835,,,,,,,,,,,,,,,
06/21/19 03:00:00 PM,34.44,35.529,45.406,40.812,27.6,,34.045,,,,,,,,,,,,,,,
06/21/19 04:00:00 PM,34.519,35.85,46.938,41.048,27.6,,34.229,,,,,,,,,,,,,,,
06/21/19 05:00:00 PM,34.598,35.208,54.075,54.839,11.8,,34.36,,,,,,,,,,,,,,,
06/21/19 06:00:00 PM,34.44,34.73,57.654,57.665,74.9,,34.466,,,,,,,,,,,,,,,
06/21/19 07:00:00 PM,34.308,34.15,61.606,62.935,98.5,,34.519,,,,,,,,,,,,,,,
06/21/19 08:00:00 PM,34.255,33.209,64.863,71.83,11.8,,34.466,,,,,,,,,,,,,,,
06/21/19 09:00:00 PM,34.097,32.898,63.836,67.827,11.8,,34.36,,,,,,,,,,,,,,,
06/21/19 10:00:00 PM,34.176,32.846,64.099,69.537,11.8,,34.281,,,,,,,,,,,,,,,
06/21/19 11:00:00 PM,34.124,32.691,66.149,72.22,11.8,,34.202,,,,,,,,,,,,,,,
06/22/19 12:00:00 AM,33.992,32.536,66.189,71.311,11.8,,34.097,,,,,,,,,,,,,,,
06/22/19 01:00:00 AM,33.835,32.201,62.79,64.895,11.8,,33.966,,,,,,,,,,,,,,,
06/22/19 02:00:00 AM,33.652,31.765,58.908,60.829,11.8,,33.809,,,,,,,,,,,,,,,
06/22/19 03:00:00 AM,33.574,31.637,57.846,60.715,11.8,,33.678,,,,,,,,,,,,,,,
06/22/19 04:00:00 AM,33.365,31.281,56.985,60.628,11.8,,33.521,,,,,,,,,,,,,,,
06/22/19 05:00:00 AM,33.209,30.976,56.707,60.956,11.8,,33.365,,,,,,,,,,,,,,,
06/22/19 06:00:00 AM,32.717,30.697,56.572,60.161,90.7,,33.131,,,,,,,,,,,,,,,
06/22/19 07:00:00 AM,32.484,30.722,56.697,60.321,11.8,,32.794,,,,,,,,,,,,,,,
06/22/19 08:00:00 AM,32.433,31.204,57.072,59.138,19.7,,32.587,,,,,,,,,,,,,,,
06/22/19 09:00:00 AM,32.768,32.33,56.036,54.853,27.6,,32.639,,,,,,,,,,,,,,,
06/22/19 10:00:00 AM,33.001,33.678,52.433,48.054,35.5,,32.742,,,,,,,,,,,,,,,
06/22/19 11:00:00 AM,33.131,34.176,53.194,47.26,51.2,,32.846,,,,,,,,,,,,,,,
06/22/19 12:00:00 PM,33.391,35.448,52.971,45.823,35.5,,33.027,,,,,,,,,,,,,,,
06/22/19 01:00:00 PM,33.992,36.498,47.468,39.153,35.5,,33.417,,,,,,,,,,,,,,,
06/22/19 02:00:00 PM,34.202,37.288,46.338,36.536,43.4,,33.73,,,,,,,,,,,,,,,
06/22/19 03:00:00 PM,34.519,38.17,45.249,34.658,43.4,,34.071,,,,,,,,,,,,,,,
06/22/19 04:00:00 PM,34.704,38.365,45.204,34.675,27.6,,34.36,,,,,,,,,,,,,,,
06/22/19 05:00:00 PM,34.73,37.37,56.029,50.297,19.7,,34.545,,,,,,,,,,,,,,,
06/22/19 06:00:00 PM,35.049,37.618,48.191,37.971,11.8,,34.783,,,,,,,,,,,,,,,
06/22/19 07:00:00 PM,35.529,37.015,45.134,37.843,11.8,,35.235,,,,,,,,,,,,,,,
06/22/19 08:00:00 PM,35.582,36.281,46.868,45.288,11.8,,35.395,,,,,,,,,,,,,,,
06/22/19 09:00:00 PM,35.128,34.36,55.603,57.898,11.8,,35.315,,,,,,,,,,,,,,,
06/22/19 10:00:00 PM,35.049,33.6,56.943,60.326,11.8,,35.208,,,,,,,,,,,,,,,
06/22/19 11:00:00 PM,35.155,33.678,56.025,58.212,11.8,,35.155,,,,,,,,,,,,,,,
06/23/19 12:00:00 AM,35.102,32.949,55.502,59.689,11.8,,35.075,,,,,,,,,,,,,,,
06/23/19 01:00:00 AM,34.916,32.691,55.056,59.933,11.8,,34.942,,,,,,,,,,,,,,,
06/23/19 02:00:00 AM,34.572,32.433,55.459,59.988,11.8,,34.73,,,,,,,,,,,,,,,
06/23/19 03:00:00 AM,34.334,32.304,56.133,60.504,11.8,,34.492,,,,,,,,,,,,,,,
06/23/19 04:00:00 AM,34.176,32.073,57.008,62.507,11.8,,34.281,,,,,,,,,,,,,,,
06/23/19 05:00:00 AM,33.992,31.816,58.067,63.433,11.8,,34.097,,,,,,,,,,,,,,,
06/23/19 06:00:00 AM,33.73,31.689,57.422,61.977,67,,34.019,,,,,,,,,,,,,,,
06/23/19 07:00:00 AM,33.678,31.612,58.052,62.371,11.8,,33.809,,,,,,,,,,,,,,,
06/23/19 08:00:00 AM,33.365,31.331,57.942,61.607,11.8,,33.521,,,,,,,,,,,,,,,
06/23/19 09:00:00 AM,33.495,32.433,57.739,58.629,19.7,,33.469,,,,,,,,,,,,,,,
06/23/19 10:00:00 AM,33.626,33.443,55.325,53.237,19.7,,33.469,,,,,,,,,,,,,,,
06/23/19 11:00:00 AM,33.835,34.44,53.258,48.247,27.6,,33.548,,,,,,,,,,,,,,,
06/23/19 12:00:00 PM,34.019,35.128,53.316,46.117,35.5,,33.704,,,,,,,,,,,,,,,
06/23/19 01:00:00 PM,34.308,36.173,52.577,43.538,51.2,,33.94,,,,,,,,,,,,,,,
06/23/19 02:00:00 PM,34.281,35.743,55.418,52.412,67,,34.071,,,,,,,,,,,,,,,
06/23/19 03:00:00 PM,34.334,35.529,57.351,53.197,59.1,,34.202,,,,,,,,,,,,,,,
06/23/19 04:00:00 PM,34.519,36.254,58.209,52.839,35.5,,34.387,,,,,,,,,,,,,,,
06/23/19 05:00:00 PM,34.757,35.797,58.436,57.501,35.5,,34.572,,,,,,,,,,,,,,,
06/23/19 06:00:00 PM,34.889,34.677,63.368,65.089,3.9,,34.73,,,,,,,,,,,,,,,
06/23/19 07:00:00 PM,34.598,33.992,65.731,68.572,98.5,,34.81,,,,,,,,,,,,,,,
06/23/19 08:00:00 PM,34.836,33.209,66.363,71.83,82.8,,35.128,,,,,,,,,,,,,,,
06/23/19 09:00:00 PM,34.889,32.381,64.905,73.853,11.8,,35.155,,,,,,,,,,,,,,,
06/23/19 10:00:00 PM,34.704,31.868,66.154,77.668,11.8,,34.995,,,,,,,,,,,,,,,
06/23/19 11:00:00 PM,34.73,31.996,68.021,79.88,11.8,,34.889,,,,,,,,,,,,,,,
06/24/19 12:00:00 AM,33.835,29.59,68.575,83.761,11.8,,34.466,,,,,,,,,,,,,,,
06/24/19 01:00:00 AM,34.071,30.419,66.234,79.026,11.8,,34.308,,,,,,,,,,,,,,,
06/24/19 02:00:00 AM,33.94,30.52,66.615,78.871,11.8,,34.097,,,,,,,,,,,,,,,
06/24/19 03:00:00 AM,33.704,30.142,67.504,79.936,3.9,,33.861,,,,,,,,,,,,,,,
06/24/19 04:00:00 AM,33.339,29.916,68.427,81.171,11.8,,33.574,,,,,,,,,,,,,,,
06/24/19 05:00:00 AM,33.209,29.414,68.404,82.888,11.8,,33.339,,,,,,,,,,,,,,,
06/24/19 06:00:00 AM,32.665,29.34,69.78,83.073,82.8,,33.105,,,,,,,,,,,,,,,
06/24/19 07:00:00 AM,32.175,29.29,72.185,83.293,11.8,,32.691,,,,,,,,,,,,,,,
06/24/19 08:00:00 AM,32.355,29.615,73.909,82.931,19.7,,32.536,,,,,,,,,,,,,,,
06/24/19 09:00:00 AM,32.175,29.966,73.393,81.327,35.5,,32.304,,,,,,,,,,,,,,,
06/24/19 10:00:00 AM,32.355,30.748,68.224,68.431,27.6,,32.253,,,,,,,,,,,,,,,
06/24/19 11:00:00 AM,32.355,31.281,66.685,68.433,27.6,,32.201,,,,,,,,,,,,,,,
06/24/19 12:00:00 PM,32.458,31.842,66.27,66.011,35.5,,32.227,,,,,,,,,,,,,,,
06/24/19 01:00:00 PM,32.613,32.665,66.852,70.329,43.4,,32.304,,,,,,,,,,,,,,,
06/24/19 02:00:00 PM,32.742,33.157,67.892,67.532,43.4,,32.407,,,,,,,,,,,,,,,
06/24/19 03:00:00 PM,32.846,33.443,67.509,65.475,35.5,,32.536,,,,,,,,,,,,,,,
06/24/19 04:00:00 PM,32.975,33.235,68.148,68.655,27.6,,32.665,,,,,,,,,,,,,,,
06/24/19 05:00:00 PM,33.053,32.898,69.941,70.31,11.8,,32.794,,,,,,,,,,,,,,,
06/24/19 06:00:00 PM,32.924,32.613,69.183,69.862,11.8,,32.794,,,,,,,,,,,,,,,
06/24/19 07:00:00 PM,32.898,32.304,71.803,74.92,11.8,,32.846,,,,,,,,,,,,,,,
06/24/19 08:00:00 PM,33.053,31.868,72.469,77.282,11.8,,33.027,,,,,,,,,,,,,,,
06/24/19 09:00:00 PM,33.027,31.663,69.447,72.542,11.8,,33.079,,,,,,,,,,,,,,,
06/24/19 10:00:00 PM,32.949,30.066,64.864,65.71,3.9,,33.079,,,,,,,,,,,,,,,
06/24/19 11:00:00 PM,32.717,30.394,62.36,67.819,3.9,,32.872,,,,,,,,,,,,,,,
06/25/19 12:00:00 AM,32.304,29.615,63.419,70.685,11.8,,32.613,,,,,,,,,,,,,,,
06/25/19 01:00:00 AM,32.33,29.615,63.173,70.444,11.8,,32.458,,,,,,,,,,,,,,,
06/25/19 02:00:00 AM,32.278,29.59,63.633,71.855,3.9,,32.355,,,,,,,,,,,,,,,
06/25/19 03:00:00 AM,31.944,29.09,65.317,75.428,3.9,,32.124,,,,,,,,,,,,,,,
06/25/19 04:00:00 AM,31.893,29.389,66.081,74.537,3.9,,31.996,,,,,,,,,,,,,,,
06/25/19 05:00:00 AM,31.816,29.14,67.823,77.562,3.9,,31.842,,,,,,,,,,,,,,,
06/25/19 06:00:00 AM,31.484,29.215,69.599,78.838,3.9,,31.637,,,,,,,,,,,,,,,
06/25/19 07:00:00 AM,31.306,28.941,70.206,79.57,11.8,,31.561,,,,,,,,,,,,,,,
06/25/19 08:00:00 AM,31.281,29.215,71.595,79.539,11.8,,31.408,,,,,,,,,,,,,,,
06/25/19 09:00:00 AM,31.382,29.64,73.032,78.749,35.5,,31.306,,,,,,,,,,,,,,,
06/25/19 10:00:00 AM,31.459,30.824,69.259,67.343,27.6,,31.255,,,,,,,,,,,,,,,
06/25/19 11:00:00 AM,31.612,31.637,64.052,61.468,43.4,,31.357,,,,,,,,,,,,,,,
06/25/19 12:00:00 PM,31.868,32.665,61.692,56.66,43.4,,31.484,,,,,,,,,,,,,,,
06/25/19 01:00:00 PM,32.562,34.44,56.23,47.523,98.5,,31.816,,,,,,,,,,,,,,,
06/25/19 02:00:00 PM,32.355,34.229,64.734,57.272,43.4,,31.97,,,,,,,,,,,,,,,
06/25/19 03:00:00 PM,32.51,34.651,65.691,57.205,51.2,,32.15,,,,,,,,,,,,,,,
06/25/19 04:00:00 PM,32.665,34.255,65.438,60.237,11.8,,32.355,,,,,,,,,,,,,,,
06/25/19 05:00:00 PM,32.794,34.097,64.091,58.943,82.8,,32.639,,,,,,,,,,,,,,,
06/25/19 06:00:00 PM,32.872,33.287,70.519,70.044,74.9,,32.846,,,,,,,,,,,,,,,
06/25/19 07:00:00 PM,32.82,32.433,71.849,74.134,74.9,,32.949,,,,,,,,,,,,,,,
06/25/19 08:00:00 PM,32.898,32.278,72.501,74.825,11.8,,32.975,,,,,,,,,,,,,,,
06/25/19 09:00:00 PM,32.872,31.689,71.95,75.28,3.9,,32.924,,,,,,,,,,,,,,,
06/25/19 10:00:00 PM,32.768,31.484,66.044,65.611,11.8,,32.846,,,,,,,,,,,,,,,
06/25/19 11:00:00 PM,32.613,31.077,65.894,69.982,3.9,,32.717,,,,,,,,,,,,,,,
06/26/19 12:00:00 AM,32.253,30.419,62.63,66.108,3.9,,32.536,,,,,,,,,,,,,,,
06/26/19 01:00:00 AM,32.073,30.192,63.786,69.063,11.8,,32.33,,,,,,,,,,,,,,,
06/26/19 02:00:00 AM,31.944,29.89,65.565,72.781,3.9,,32.175,,,,,,,,,,,,,,,
06/26/19 03:00:00 AM,31.842,29.69,67.274,75.189,11.8,,32.021,,,,,,,,,,,,,,,
06/26/19 04:00:00 AM,31.689,29.365,67.708,76.458,3.9,,31.868,,,,,,,,,,,,,,,
06/26/19 05:00:00 AM,31.535,29.315,68.08,76.271,3.9,,31.714,,,,,,,,,,,,,,,
06/26/19 06:00:00 AM,31.306,29.265,68.193,75.699,11.8,,31.535,,,,,,,,,,,,,,,
06/26/19 07:00:00 AM,31.255,29.665,68.643,74.411,11.8,,31.382,,,,,,,,,,,,,,,
06/26/19 08:00:00 AM,31.331,29.74,69.449,73.352,3.9,,31.306,,,,,,,,,,,,,,,
06/26/19 09:00:00 AM,31.357,30.091,68.263,70.923,11.8,,31.23,,,,,,,,,,,,,,,
06/26/19 10:00:00 AM,31.331,30.646,67.032,66.146,35.5,,31.179,,,,,,,,,,,,,,,
06/26/19 11:00:00 AM,31.586,32.073,65.04,60.217,59.1,,31.281,,,,,,,,,,,,,,,
06/26/19 12:00:00 PM,31.842,33.287,62.439,55.726,59.1,,31.484,,,,,,,,,,,,,,,
06/26/19 01:00:00 PM,31.97,33.391,61.771,55.484,35.5,,31.612,,,,,,,,,,,,,,,
06/26/19 02:00:00 PM,32.098,33.626,62.167,55.357,27.6,,31.791,,,,,,,,,,,,,,,
06/26/19 03:00:00 PM,32.304,33.783,61.133,54.317,11.8,,31.996,,,,,,,,,,,,,,,
06/26/19 04:00:00 PM,32.407,33.809,63.56,60.612,11.8,,32.175,,,,,,,,,,,,,,,
06/26/19 05:00:00 PM,32.51,33.235,67.236,65.036,27.6,,32.304,,,,,,,,,,,,,,,
06/26/19 06:00:00 PM,32.51,32.717,69.813,70.674,3.9,,32.381,,,,,,,,,,,,,,,
06/26/19 07:00:00 PM,32.484,32.15,71.393,72.815,90.7,,32.536,,,,,,,,,,,,,,,
06/26/19 08:00:00 PM,32.51,32.047,73.727,76.395,3.9,,32.536,,,,,,,,,,,,,,,
06/26/19 09:00:00 PM,32.484,31.459,71.575,70.567,3.9,,32.536,,,,,,,,,,,,,,,
06/26/19 10:00:00 PM,32.355,31.128,68.469,72.503,3.9,,32.458,,,,,,,,,,,,,,,
06/26/19 11:00:00 PM,32.278,30.849,71.506,77.404,3.9,,32.355,,,,,,,,,,,,,,,
06/27/19 12:00:00 AM,32.098,30.672,72.835,78.49,3.9,,32.227,,,,,,,,,,,,,,,
06/27/19 01:00:00 AM,31.996,29.991,72.272,79.729,3.9,,32.124,,,,,,,,,,,,,,,
06/27/19 02:00:00 AM,31.561,29.365,72.252,80.793,3.9,,31.893,,,,,,,,,,,,,,,
06/27/19 03:00:00 AM,31.484,29.389,71.966,79.4,3.9,,31.689,,,,,,,,,,,,,,,
06/27/19 04:00:00 AM,31.51,29.215,71.849,80.209,3.9,,31.612,,,,,,,,,,,,,,,
06/27/19 05:00:00 AM,31.331,28.99,71.484,79.988,3.9,,31.484,,,,,,,,,,,,,,,
06/27/19 06:00:00 AM,30.9,29.065,72.881,80.265,3.9,,31.23,,,,,,,,,,,,,,,
06/27/19 07:00:00 AM,30.874,29.19,73.447,80.64,11.8,,31.052,,,,,,,,,,,,,,,
06/27/19 08:00:00 AM,30.773,29.14,74.147,81.123,19.7,,30.95,,,,,,,,,,,,,,,
06/27/19 09:00:00 AM,30.9,29.916,72.791,75.471,43.4,,30.849,,,,,,,,,,,,,,,
06/27/19 10:00:00 AM,31.204,31.663,68.267,64.247,27.6,,30.925,,,,,,,,,,,,,,,
06/27/19 11:00:00 AM,31.484,32.458,65.95,59.929,35.5,,31.103,,,,,,,,,,,,,,,
06/27/19 12:00:00 PM,31.868,33.574,62.942,55.125,35.5,,31.382,,,,,,,,,,,,,,,
06/27/19 01:00:00 PM,32.15,34.545,60.984,51.796,59.1,,31.612,,,,,,,,,,,,,,,
06/27/19 02:00:00 PM,32.33,34.624,64.916,57.554,51.2,,31.893,,,,,,,,,,,,,,,
06/27/19 03:00:00 PM,32.433,34.598,64.374,56.62,67,,32.124,,,,,,,,,,,,,,,
06/27/19 04:00:00 PM,32.562,34.413,65.328,60.484,19.7,,32.33,,,,,,,,,,,,,,,
