Date,Time,inttime,Comfort m/s,Acceptibly warm m/s,Mixed m/s,Temp,Rh,tw,TSI,PMV,PPD,Standrd Eff Temp,TA adj,Cool effect
08/06/2019,00:00,0,-1.0,2.26,3,33.626,68.138,28.48832749118054,29.949360596336806,1.43988733330562,47.64840494758771,28.762470732507797,30.68539476451236,2.9406052354876384
08/06/2019,01:00,1,-1.0,2.26,3,33.548,69.048,28.57948913320911,29.919328382081613,1.4226989173870597,46.725192602423455,28.717333968751657,30.616402155718784,2.9315978442812174
08/06/2019,02:00,2,-1.0,1.04,3,33.391,69.695,28.550557061951224,29.793452304134174,1.3879984621689312,44.87323045536168,28.625606298063982,30.477443739863585,2.9135562601364144
08/06/2019,03:00,3,-1.0,1.04,3,33.209,70.275,28.48644965265055,29.63811722206957,1.3477780762195253,42.75034706383259,28.518610113540646,30.316325989111267,2.892674010888736
08/06/2019,04:00,4,-1.0,1.04,3,33.027,70.883,28.425917351051908,29.483883273177188,1.307585169237762,40.65924584185558,28.411013397310864,30.155190707390002,2.871809292609999
08/06/2019,05:00,5,-1.0,1.04,3,32.846,71.307,28.333328851898557,29.32052101543795,1.2676253039749166,38.61514528575794,28.3033319507415,29.99492939498907,2.851070605010923
08/06/2019,06:00,6,-1.0,1.04,3,32.691,71.55199999999999,28.233324781919237,29.174244761884328,1.233413150980309,36.89608684858672,28.210573503379628,29.857662735990996,2.833337264009008
08/06/2019,07:00,7,2.26,0.29,2.26,32.433,72.384,28.138023693349623,29.336196356242173,1.1765424470699763,34.10914175316401,28.055320751497394,29.62915957945676,2.803840420543237
08/06/2019,08:00,8,2.26,0.29,2.26,32.355,65.293,26.838898987907783,28.87795594696608,1.1587043303360696,33.25460298837686,28.005334199412644,29.559714876986185,2.7952851230138123
08/06/2019,09:00,9,1.59,0.09,1.59,32.278,62.352,26.244430865896334,29.02532478799859,1.1414657090409899,32.43819814198825,27.957457832522838,29.491358426250294,2.7866415737497054
08/06/2019,10:00,10,3.0,0.6,3.0,32.613,60.426,26.187188196099783,28.48592469345193,1.2151819603550522,35.992683207508634,28.1593032083002,29.78800815357804,2.824991846421959
08/06/2019,11:00,11,3.0,0.6,3.0,32.898,58.06399999999999,25.99431136432588,28.638843629265576,1.277885528825131,39.1364229966984,28.329003366828413,30.040262264171343,2.8577377358286613
08/06/2019,12:00,12,3.0,0.6,3.0,33.235,56.167,25.922292940067337,28.867726954593937,1.3521863828094904,42.9816325653374,28.528012432400388,30.33852308398031,2.8964769160196893
08/06/2019,13:00,13,-1.0,0.94,3,33.966,53.016999999999996,25.923114768015637,29.412575077602018,1.5137289625740349,51.64642064451209,28.952713022410606,30.985303586589616,2.980696413410384
08/06/2019,14:00,14,-1.0,3.05,3,34.519,57.89,27.36275067752132,30.267967937729768,1.6369406840066385,58.35221938129913,29.27077630697484,31.474859843698944,3.0441401563010526
08/06/2019,15:00,15,-1.0,2.26,3,33.887,65.456,28.238632657390212,30.066899587529388,1.4974653726138114,50.76246891196269,28.912794900461698,30.916239804181572,2.97076019581843
08/06/2019,16:00,16,-1.0,2.26,3,33.626,70.839,28.96595155467378,30.096468807892723,1.440152698917298,47.66268509762482,28.763663527224377,30.685567478789814,2.940432521210185
08/06/2019,17:00,17,-1.0,2.26,3,34.124,69.027,29.09890591125412,30.508428749719467,1.5503993319101843,53.6432241217131,29.050937875549376,31.126235140715213,2.997764859284788
08/06/2019,18:00,18,-1.0,2.26,3,34.097,70.282,29.298333695019494,30.5497375071192,1.5445353734232696,53.323704132526395,29.03602073721156,31.102429329586645,2.9945706704133563
08/06/2019,19:00,19,-1.0,2.26,3,34.334,69.925,29.45094702922205,30.773307414053594,1.5971086657278268,56.18794526799933,29.171465293935924,31.31210578737408,3.021894212625923
08/06/2019,20:00,20,-1.0,2.26,3,33.992,71.883,29.484561449427815,30.52887065547696,1.521399849270793,52.06378012663326,28.976342250433625,31.009611334238983,2.9823886657610137
08/06/2019,21:00,21,-1.0,2.26,3,34.281,68.685,29.17986751788908,30.650329924563035,1.585212646284422,55.54019371198559,29.1406412004136,31.265126507915284,3.015873492084717
08/06/2019,22:00,22,-1.0,2.26,3,34.176,65.193,28.448881662980625,30.346961281251236,1.561547660282414,54.250759997465785,29.078956309315938,31.171977783807336,3.0040222161926646
08/06/2019,23:00,23,-1.0,2.26,3,33.887,66.947,28.50967547886421,30.150380776543376,1.4976148688159128,50.770587670611526,28.913472038715724,30.91634057441847,2.97065942558153
09/06/2019,00:00,0,-1.0,2.26,3,33.678000000000004,67.993,28.509297416451716,29.994559333320336,1.4513938406725027,48.26830634475802,28.792699965298105,30.731416648385583,2.946583351614423
09/06/2019,01:00,1,-1.0,2.26,3,33.548,68.155,28.420734214822232,29.870431867218453,1.4226117217468501,46.72051837819663,28.71694306364234,30.616346032212707,2.931653967787295
09/06/2019,02:00,2,-1.0,1.04,3,33.443000000000005,67.335,28.179535436862352,29.717917643606807,1.399281873042487,45.47353607383013,28.65511133865798,30.523338351759225,2.919661648240781
09/06/2019,03:00,3,-1.0,1.04,3,33.209,66.46,27.812265841501528,29.430468608235675,1.347415303211556,42.7313300410205,28.517002714636355,30.316103568077374,2.8928964319226287
09/06/2019,04:00,4,-1.0,1.04,3,33.001,66.331,27.602337359885723,29.210850635898,1.3014120740581243,40.34108066469097,28.39368654755867,30.131914830585746,2.8690851694142516
09/06/2019,05:00,5,-1.0,1.04,3,32.794000000000004,66.172,27.38815610253789,28.99066780863487,1.255665404887797,38.01078759972334,28.270169483641325,29.948604041678923,2.8453959583210797
09/06/2019,06:00,6,-1.0,1.04,3,32.742,65.482,27.218619673829323,28.89971058859263,1.2441189197502134,37.430765155421454,28.23875485722671,29.902516150178805,2.8394838498211925
09/06/2019,07:00,7,-1.0,1.04,3,32.562,65.048,26.9803395939594,28.692220323992697,1.2043462476707647,35.46012275441656,28.130405062687192,29.743070384510002,2.818929615489997
09/06/2019,08:00,8,3.0,0.6,3.0,32.665,64.413,26.958641439415715,28.762272292393245,1.227021512461622,36.578329947510326,28.192130518079576,29.83426613370369,2.830733866296311
09/06/2019,09:00,9,3.0,0.6,3.0,32.691,63.825,26.875779855768997,28.75612092463005,1.2327073857473274,36.86094598467043,28.207509409123134,29.85726279791899,2.833737202081009
09/06/2019,10:00,10,3.0,0.6,3.0,32.898,62.67100000000001,26.849945926217345,28.90237907432815,1.278312942806338,39.15819315060719,28.330873011851885,30.0405117948972,2.8574882051028028
09/06/2019,11:00,11,3.0,0.6,3.0,33.131,62.363,26.99893169975479,29.121851692577675,1.3297762734575533,41.809727018129394,28.46915432199843,30.246798925500038,2.884201074499962
09/06/2019,12:00,12,3.0,0.6,3.0,33.417,59.824,26.776911549173974,29.266539486198784,1.3928003686512502,45.128468333453704,28.636620283135635,30.4998616460012,2.917138353998801
09/06/2019,13:00,13,-1.0,1.6,3,33.757,56.883,26.508767987785745,29.437251269291206,1.4677981793526977,49.154366086036184,28.833654481344904,30.80061631162036,2.9563836883796384
09/06/2019,14:00,14,-1.0,1.6,3,34.097,56.324,26.691580057185888,29.746857386666452,1.5431127100845967,53.24619220299245,29.029540131710622,31.101443703138152,2.9955562968618508
09/06/2019,15:00,15,-1.0,2.1,3,34.677,53.211000000000006,26.562256042256422,30.139125590068172,1.6715578879596829,60.22368534133904,29.35770565906622,31.614272106563103,3.062727893436897
09/06/2019,16:00,16,-1.0,2.1,3,35.155,51.06100000000001,26.5192089475878,30.481977084910238,1.7776640142430067,65.86042321257291,29.623669084333606,32.03687928642729,3.1181207135727056
09/06/2019,17:00,17,-1.0,2.1,3,35.342,51.771,26.82430312487412,30.71526109151443,1.8193954850707499,68.01772273686832,29.7273761898646,32.20231748876899,3.1396825112310087
09/06/2019,18:00,18,-1.0,-1.0,-1.0,35.689,60.331,28.861732956490414,,1.8977479983352845,71.94342022819063,29.922129763193773,32.50996273774244,3.17903726225756
09/06/2019,19:00,19,-1.0,-1.0,-1.0,35.931,61.195,29.244636052168858,,1.951876706557804,74.54182265201638,30.05401427190123,32.724017977398105,3.2069820226018937
09/06/2019,20:00,20,-1.0,-1.0,-1.0,36.173,59.576,29.135186245312923,,2.005761787748306,77.02150567590678,30.183462970863587,32.93780423362312,3.2351957663768847
09/06/2019,21:00,21,-1.0,-1.0,-1.0,36.173,57.91,28.799348605868772,,2.0055612762944963,77.0124909730522,30.182512425244557,32.93762683726767,3.23537316273233
09/06/2019,22:00,22,-1.0,-1.0,-1.0,36.039,57.665,28.633379965214544,,1.9755849208348693,75.64668962118674,30.110336088676895,32.81913849565733,3.2198615043426777
09/06/2019,23:00,23,-1.0,-1.0,-1.0,35.501999999999995,58.707,28.37679866482779,,1.8558483486769854,69.86619272403921,29.819005233570643,32.344457050755736,3.1575429492442564
10/06/2019,00:00,0,-1.0,3.05,3,35.288000000000004,57.586999999999996,27.967937613119545,31.02727051389402,1.808015963531108,67.4335595909387,29.70064622374535,32.155085488932436,3.132914511067568
10/06/2019,01:00,1,-1.0,3.05,3,35.049,57.648,27.77340934205222,30.789300806405283,1.7547909336255822,64.66172265797431,29.568183377662468,31.943696973457058,3.105303026542943
10/06/2019,02:00,2,-1.0,3.05,3,34.836,57.04,27.468578743707496,30.536727982115107,1.7073246058347042,62.14344741912378,29.448923900368293,31.755233129408808,3.0807668705911913
10/06/2019,03:00,3,-1.0,0.94,3,34.492,54.997,26.766363962043783,30.064165829362683,1.630637652042167,58.01037643459638,29.254082663780242,31.450750015073282,3.041249984926713
10/06/2019,04:00,4,-1.0,0.94,3,34.255,54.77,26.51886146411573,29.81137006000085,1.5780052112151903,55.14756503091467,29.11922279438712,31.24111075426931,3.0138892457306907
10/06/2019,05:00,5,-1.0,1.6,3,34.097,55.102,26.450440331197683,29.67258635106209,1.542988212920486,53.239409297665226,29.028973521487966,31.10135760600873,2.9956423939912726
10/06/2019,06:00,6,-1.0,1.6,3,33.783,56.118,26.381950132207407,29.41756136977308,1.4734826627243935,49.46197231667104,28.848386818722524,30.823575653106545,2.959424346893457
10/06/2019,07:00,7,3.0,0.6,3.0,33.443000000000005,58.368,26.523663373565114,29.207909048111258,1.3984137363785396,45.42728131183929,28.65123566489866,30.52278858590848,2.920211414091527
10/06/2019,08:00,8,3.0,0.6,3.0,32.975,59.091,26.254258072708637,28.77627221544746,1.2949904274807211,40.01100481850625,28.375258969444197,30.108493647030137,2.8665063529698633
10/06/2019,09:00,9,3.0,0.6,3.0,33.313,58.507,26.437220235298128,29.084434561525025,1.3696621166821528,43.901972990618106,28.574955740751935,30.407714583993652,2.9052854160063517
10/06/2019,10:00,10,3.0,0.6,3.0,33.469,57.575,26.39442799270853,29.187474550807426,1.404091357532534,45.72998628919064,28.66612198501774,30.545754933200346,2.923245066799654
10/06/2019,11:00,11,-1.0,1.6,3,33.548,56.852,26.323152829509468,29.22437680054212,1.421508421543588,46.6613830217728,28.71200047116778,30.615636950975002,2.9323630490249983
10/06/2019,12:00,12,-1.0,1.6,3,33.861,56.578,26.538824227966415,29.523988591266853,1.49081291369868,50.40133070360839,28.89374209011169,30.892632596545223,2.9683674034547742
10/06/2019,13:00,13,-1.0,1.6,3,34.15,55.496,26.57362804296912,29.75001316628769,1.554785031758194,53.88221871650506,29.059534728831082,31.14827849376632,3.001721506233677
10/06/2019,14:00,14,-1.0,0.94,3,34.492,54.965,26.759779711237115,30.062137880114232,1.630634287936718,58.010193908140806,29.25406719524915,31.4507475654098,3.041252434590197
10/06/2019,15:00,15,-1.0,2.1,3,34.81,53.294,26.691785001143842,30.278105509405503,1.7011374132451165,61.81255476856072,29.43247685483089,31.73192735118714,3.078072648812863
10/06/2019,16:00,16,-1.0,2.1,3,35.128,51.971000000000004,26.686687513995082,30.513445483363686,1.771753194469679,65.5516852126218,29.60916594346986,32.01307993132502,3.1149200686749827
10/06/2019,17:00,17,-1.0,-1.0,-1.0,35.555,46.765,25.92732709001706,,1.866301758141468,70.38941387662952,29.841627221573198,32.39019657774972,3.164803422250279
10/06/2019,18:00,18,-1.0,-1.0,-1.0,35.85,48.158,26.473655320956993,,1.9322590235428294,73.6118954772765,30.002934448994417,32.651096501471265,3.198903498528738
10/06/2019,19:00,19,-1.0,-1.0,-1.0,35.77,49.302,26.655778806193098,,1.9145413319013653,72.76034971415896,29.960174004303685,32.58049456966432,3.189505430335686
10/06/2019,20:00,20,-1.0,2.1,3,35.208,50.511,26.44749719056034,30.499374863745782,1.7894048148264572,66.47143610746578,29.652734679639803,32.08370250981699,3.124297490183009
10/06/2019,21:00,21,-1.0,2.1,3,35.049,48.751000000000005,25.942450022427465,30.225365335960863,1.753813199855681,64.61025062593495,29.563633088575287,31.942934888679986,3.106065111320013
10/06/2019,22:00,22,-1.0,2.1,3,34.889,51.156000000000006,26.316707407470233,30.221436610554033,1.7184768869938898,62.73845367678132,29.4756367507357,31.801628232121594,3.0873717678784094
10/06/2019,23:00,23,-1.0,2.1,3,34.942,51.327,26.39656846753661,30.285518817054477,1.7302858490336683,63.366373063649405,29.505330845803325,31.848519627425556,3.0934803725744446
11/06/2019,00:00,0,-1.0,2.1,3,34.757,50.681999999999995,26.107820070923594,30.058759310897667,1.689071471730629,61.16575449139193,29.40143905390327,31.684834764609832,3.072165235390166
11/06/2019,01:00,1,-1.0,2.1,3,34.545,48.655,25.50758586478662,29.715947175407482,1.6417430743237196,58.61247648778951,29.28100467046611,31.49714870669258,3.04785129330742
11/06/2019,02:00,2,-1.0,0.94,3,34.334,48.891000000000005,25.38345681309528,29.52052042748655,1.594925159603905,56.06908386160337,29.16145802838954,31.310548513420247,3.0234514865797557
11/06/2019,03:00,3,-1.0,0.94,3,34.15,50.244,25.51232444387159,29.423131657765648,1.5542478015297123,53.85294211813834,29.057086943204208,31.147904609404346,3.0020953905956516
11/06/2019,04:00,4,-1.0,0.94,3,33.914,52.427,25.760548883346416,29.323764785123895,1.5021434064183483,51.016582838664455,28.922468836213543,30.93925209414455,2.974747905855452
11/06/2019,05:00,5,-1.0,0.94,3,33.73,54.245,25.968615942394308,29.25076943931064,1.4615555557256046,48.81688134986079,28.81681051161389,30.77654932933056,2.9534506706694357
11/06/2019,06:00,6,3.0,0.6,3.0,33.495,55.724,26.058736856678593,29.1034516809102,1.4096663746972569,46.027667697129196,28.680534263042013,30.56865482958034,2.9263451704196584
11/06/2019,07:00,7,3.0,0.6,3.0,33.260999999999996,58.277,26.348629513550804,29.018408619226843,1.358137726408216,43.29444211405165,28.54423358076521,30.361665011652416,2.8993349883475803
11/06/2019,08:00,8,3.0,0.6,3.0,33.157,58.388000000000005,26.279737755890665,28.91970995786752,1.3351496362649289,42.08982896787144,28.482878884555927,30.269594238962455,2.88740576103754
11/06/2019,09:00,9,3.0,0.6,3.0,33.365,58.736999999999995,26.526083855009063,29.150544556395996,1.3811887327003622,44.5118878846521,28.605628256281012,30.453762723589954,2.9112372764100494
11/06/2019,10:00,10,3.0,0.6,3.0,33.443000000000005,56.261,26.118701270488486,29.083180720363654,1.39820980827626,45.416417525723155,28.650325858381667,30.52265962026456,2.9203403797354466
11/06/2019,11:00,11,-1.0,0.94,3,33.73,54.696000000000005,26.05771604422489,29.278212270674462,1.461600191448056,48.819293163502415,28.817011446323875,30.77657869519787,2.9534213048021254
11/06/2019,12:00,12,-1.0,0.94,3,34.019,53.542,26.07329354273918,29.498315140216864,1.5255322697304385,52.28871193822373,28.983455160641675,31.032234802231308,2.986765197768689
11/06/2019,13:00,13,-1.0,0.94,3,34.281,51.793,25.939893562265866,29.652417946231086,1.5834663939562708,55.44507578130887,29.132648071795554,31.263889400418826,3.017110599581172
11/06/2019,14:00,14,-1.0,2.1,3,34.624,50.207,25.898445418150402,29.895186917843528,1.6594590839159686,59.5708850087258,29.32636474181965,31.567151537733444,3.0568484622665584
11/06/2019,15:00,15,-1.0,2.1,3,35.022,46.966,25.537063710954158,30.080391352027075,1.7476090146215364,64.28321400770852,29.547702653415744,31.918904587286224,3.103095412713775
11/06/2019,16:00,16,-1.0,2.1,3,35.422,45.553999999999995,25.552876567498288,30.383261711842675,1.8365201166259268,68.89056505982926,29.768096880295808,32.272490885757044,3.1495091142429548
11/06/2019,17:00,17,-1.0,-1.0,-1.0,35.904,46.973,26.25760661049145,,1.9441720332324905,74.17825908151737,30.031498716908455,32.6987082735262,3.2052917264738037
11/06/2019,18:00,18,-1.0,-1.0,-1.0,36.254,46.982,26.545061500217457,,2.0223499346238847,77.76156093576998,30.219633830063177,33.00806163827098,3.245938361729014
11/06/2019,19:00,19,-1.0,-1.0,-1.0,36.742,47.803999999999995,27.127649298795518,,2.131670895119463,82.33821750115628,30.478915580511558,33.4395905063101,3.3024094936898973
11/06/2019,20:00,20,-1.0,-1.0,-1.0,37.150999999999996,47.788000000000004,27.459833195212354,,2.223375410518079,85.74180860470334,30.692621825088757,33.8011687485118,3.3498312514881947
11/06/2019,21:00,21,-1.0,-1.0,-1.0,37.233000000000004,47.566,27.477101826651392,,2.241751034616256,86.37334896957043,30.734982752991655,33.87363236277257,3.3593676372274333
11/06/2019,22:00,22,-1.0,-1.0,-1.0,37.069,45.81399999999999,26.9442001280255,,2.20472147794815,85.08325547231978,30.648787152210716,33.72842951991452,3.3405704800854834
11/06/2019,23:00,23,-1.0,-1.0,-1.0,35.797,47.589,26.305644944619985,,1.9203658451294994,73.04148095205286,29.973890144145127,32.60419210048434,3.192807899515659
12/06/2019,00:00,0,-1.0,-1.0,-1.0,35.797,47.821000000000005,26.356580513890435,,1.9203929073236048,73.04278445628923,29.974017651178194,32.60421503535028,3.192784964649719
12/06/2019,01:00,1,-1.0,-1.0,-1.0,35.555,47.89,26.173019198702605,,1.8664304416146928,70.39583482526567,29.84223128969368,32.3903027127039,3.164697287296102
12/06/2019,02:00,2,-1.0,2.1,3,35.315,48.883,26.19000771396304,30.499783104953817,1.8130554600445914,67.69265711653958,29.710978748525985,32.178179824446595,3.136820175553403
12/06/2019,03:00,3,-1.0,2.1,3,34.942,50.706,26.26699400373957,30.245609882204985,1.7302181958729346,63.362782252487875,29.50501675428741,31.848467593445047,3.0935324065549525
12/06/2019,04:00,4,-1.0,2.1,3,34.704,52.435,26.42620923712599,30.117338174088,1.677476806957879,60.54247151543422,29.372519285714272,31.638094214869554,3.0659057851304468
12/06/2019,05:00,5,-1.0,2.1,3,34.519,53.676,26.52323163149032,30.009396071552214,1.636496699756477,58.32814951653276,29.268733293377995,31.47453537884881,3.044464621151189
12/06/2019,06:00,6,-1.0,0.94,3,34.308,54.713,26.55276616321487,29.861297707323384,1.5897593714085312,55.78781705746127,29.149417498974675,31.287983106010206,3.0200168939897956
12/06/2019,07:00,7,-1.0,1.6,3,34.124,55.781000000000006,26.607785605658535,29.741163695596025,1.5490464239633943,53.56950210651541,29.04477108114284,31.125294691072195,2.9987053089278075
12/06/2019,08:00,8,-1.0,1.6,3,33.835,56.382,26.478317671516095,29.485982571880154,1.4850313160218327,50.087704637329196,28.87861663032649,30.869611038598027,2.965388961401974
12/06/2019,09:00,9,-1.0,1.6,3,33.887,55.49100000000001,26.34801659184552,29.48458983934162,1.4964665474841736,50.708228705404686,28.90827381902825,30.915567454468135,2.9714325455318638
12/06/2019,10:00,10,-1.0,0.94,3,34.202,54.568999999999996,26.433841534021212,29.745698921531737,1.5662267189595769,54.50575275851621,29.08885493315188,31.194218270441826,3.007781729558171
12/06/2019,11:00,11,-1.0,0.94,3,34.413000000000004,52.623999999999995,26.22019407012465,29.837090502651595,1.6128459779627706,57.04405612594605,29.208136255045094,31.38069038127278,3.0323096187272216
12/06/2019,12:00,12,-1.0,2.1,3,34.571999999999996,52.157,26.258131348421216,29.96723018436693,1.6481114180313021,58.95731160274533,29.297966220550713,31.52130455324002,3.0506954467599723
12/06/2019,13:00,13,-1.0,2.1,3,35.022,50.093999999999994,26.20506400951291,30.286135443983174,1.7479519201083176,64.30130814671229,29.549296787183092,31.919170723096414,3.102829276903583
12/06/2019,14:00,14,-1.0,3.05,3,34.942,56.027,27.357444748598823,30.581468711621635,1.7307979644246665,63.39355199695173,29.507709162506412,31.848913745938706,3.0930862540612933
12/06/2019,15:00,15,-1.0,3.05,3,35.181999999999995,57.668,27.892418454421772,30.925040613015103,1.784409977954894,66.21186674305483,29.642052787277322,32.06133875697959,3.1206612430204066
12/06/2019,16:00,16,-1.0,-1.0,-1.0,35.876999999999995,50.827,27.072460959570208,,1.9385983229841415,73.9139077309493,30.019030581350805,32.67523030523618,3.201769694763817
12/06/2019,17:00,17,-1.0,-1.0,-1.0,36.281,48.542,26.912284982566064,,2.0285764461071465,78.03639181022459,30.2349586840152,33.03210186038297,3.248898139617025
12/06/2019,18:00,18,-1.0,-1.0,-1.0,36.824,50.818999999999996,27.861569726060168,,2.1504272500309387,83.0678931942156,30.52381823256384,33.51244536655727,3.3115546334427286
12/06/2019,19:00,19,-1.0,-1.0,-1.0,37.205999999999996,48.988,27.774760839120518,,2.2358764142177354,86.1733101487104,30.721890854659996,33.84994543859131,3.3560545614086834
12/06/2019,20:00,20,-1.0,-1.0,-1.0,37.453,48.787,27.933996814691454,,2.2913132588998018,87.99089762512813,30.84921440482475,34.068247193586636,3.38475280641337
12/06/2019,21:00,21,-1.0,-1.0,-1.0,37.453,48.422,27.851681631258714,,2.2912645203419983,87.98936876011929,30.848981277763254,34.068198358251855,3.3848016417481506
12/06/2019,22:00,22,-1.0,-1.0,-1.0,37.343,48.508,27.78027302053499,,2.266569988024618,87.19906485147686,30.79240818281235,33.97098310000101,3.3720168999989966
12/06/2019,23:00,23,-1.0,-1.0,-1.0,37.150999999999996,48.617,27.646503759133225,,2.2234834174300593,85.74557058748624,30.69313754859321,33.80127400917669,3.349725990823306
13/06/19,12:00:00,12,-1.0,-1.0,-1.0,36.96,49.023,27.57912718510238,,2.1806884076879043,84.20912087019872,30.593934039200647,33.632466039035265,3.327533960964734
13/06/19,01:00:00,1,-1.0,-1.0,-1.0,36.661,49.283,27.389147097261798,,2.113712206106427,81.6238483519086,30.437126733181135,33.36815235348292,3.2928476465170813
13/06/19,02:00:00,2,-1.0,-1.0,-1.0,36.361999999999995,49.97,27.291621731516898,,2.0468676362323635,78.83421585555472,30.278998690527132,33.10387412686081,3.258125873139184
13/06/19,03:00:00,3,-1.0,-1.0,-1.0,36.119,50.826,27.27395910001212,,1.9926425097616705,76.4282556266812,30.14950200638592,32.889142672349934,3.2298573276500675
13/06/19,04:00:00,4,-1.0,-1.0,-1.0,35.823,51.606,27.193066861548687,,1.9266368544221015,73.34286143694398,29.99020434110766,32.6275733259734,3.195426674026601
13/06/19,05:00:00,5,-1.0,-1.0,-1.0,35.501999999999995,52.217,27.05217447621021,,1.85510857953145,69.82904505505697,29.815533138889656,32.34384896379454,3.1581510362054512
13/06/19,06:00:00,6,-1.0,2.1,3,35.208,52.013999999999996,26.76253210613652,30.596405617743248,1.7895720849603207,66.4801190484697,29.65351534973464,32.08383530123371,3.124164698766285
13/06/19,07:00:00,7,-1.0,3.05,3,34.73,55.578,27.086052148170552,30.33993979068973,1.6835935028666866,60.87148416371632,29.38869639608355,31.661345653614184,3.0686543463858142
13/06/19,08:00:00,8,-1.0,1.6,3,34.071,61.568999999999996,27.679330180901957,30.031714424771,1.5378792847826257,52.96108734971744,29.01704396119574,31.078806537916922,2.9921934620830757
13/06/19,09:00:00,9,-1.0,1.6,3,34.308,61.068999999999996,27.793023971870696,30.243297112389374,1.5904177569582965,55.82366933530144,29.1524324070474,31.288450915417712,3.0195490845822874
13/06/19,10:00:00,10,-1.0,1.6,3,34.308,60.562,27.6963085197832,30.213508753146424,1.5903652302952462,55.82080905036301,29.152191792196344,31.28841356747686,3.0195864325231416
13/06/19,11:00:00,11,-1.0,1.6,3,34.44,56.597,27.040057303889853,30.10972337865127,1.6192553732953663,57.392385985164616,29.225366799468613,31.40486825421777,3.0351317457822264
13/06/19,12:00:00,24,-1.0,2.1,3,34.624,53.301,26.535932027435024,30.091532793503188,1.65978771998466,59.588636491902285,29.327880021029568,31.56739466762281,3.056605332377193
13/06/19,01:00:00,13,-1.0,2.1,3,34.836,51.769,26.399821898335176,30.207550873740434,1.7067550940859253,62.11301266680098,29.446284707290463,31.754800365883487,3.081199634116511
13/06/19,02:00:00,14,-1.0,3.05,3,35.181999999999995,55.126000000000005,27.381068877341647,30.767544943274427,1.7841275717677028,66.19717421911427,29.640734625083443,32.06111499032548,3.1208850096745144
13/06/19,03:00:00,15,-1.0,3.05,3,34.783,62.69,28.52029491642145,30.821171563311008,1.6961443110505552,61.54513293148747,29.422014525337232,31.708808378966488,3.074191621033513
13/06/19,04:00:00,16,-1.0,3.05,3,34.942,63.848,28.880877224630126,31.050685914239278,1.731650485731444,63.43878710581681,29.511671229422774,31.849570761331496,3.0924292386685037
13/06/19,05:00:00,17,-1.0,3.05,3,35.075,64.215,29.06905246924589,31.207728889580938,1.7613030669283591,65.00407587681977,29.586019260457146,31.967261434188092,3.10773856581191
13/06/19,06:00:00,18,-1.0,3.05,3,34.889,57.465,27.598861854661664,30.616340180288997,1.719161440078821,62.77491460701179,29.47881260579031,31.802151766309027,3.086848233690975
13/06/19,07:00:00,19,-1.0,3.05,3,34.995,57.672,27.731450578199883,30.736147507138764,1.7427729185728262,64.02779713072908,29.538116109492904,31.89593365072234,3.0990663492776562
13/06/19,08:00:00,20,-1.0,3.05,3,35.075,59.25,28.112412083374124,30.913083650732435,1.7607560002662996,64.97534772333577,29.583469443191266,31.966832892757168,3.108167107242833
13/06/19,09:00:00,21,-1.0,3.05,3,34.916,60.466,28.21041519485982,30.824813609070024,1.7254954464775245,63.11192569695094,29.495426829535386,31.82628624089747,3.0897137591025263
13/06/19,10:00:00,22,-1.0,1.6,3,34.44,57.303000000000004,27.1791859837507,30.152575012048413,1.6193292713707337,57.3964007772247,29.225706287833884,31.404921653002553,3.0350783469974445
13/06/19,11:00:00,23,-1.0,1.6,3,34.15,58.31399999999999,27.12562018911285,29.920026747299953,1.5550733543338355,53.8979310499912,29.060849038919564,31.14847934278882,3.0015206572111772
14/06/19,12:00:00,12,-1.0,1.6,3,33.966,58.79600000000001,27.059029433195633,29.762436794477455,1.5143116771328131,51.678116427811425,28.95535530162668,30.985699605267616,2.9803003947323847
14/06/19,01:00:00,1,-1.0,1.6,3,33.678000000000004,60.085,27.054149946654377,29.54637391262275,1.4506139581983084,48.226246954359866,28.789190932973728,30.73090605464037,2.9470939453596343
14/06/19,02:00:00,2,3.0,0.6,3.0,33.443000000000005,61.847,27.178709271417176,29.40966318464969,1.3987505050750786,45.445223205146974,28.65273862867092,30.523001707631266,2.9199982923687395
14/06/19,03:00:00,3,3.0,0.6,3.0,33.235,63.663999999999994,27.329830786486923,29.301248611291175,1.3529004124783464,43.01912863474127,28.531175961694785,30.33896160181774,2.89603839818226
14/06/19,04:00:00,4,3.0,0.6,3.0,33.001,64.094,27.1999861694311,29.086926469237977,1.3012028244120675,40.33031056644994,28.39276700508866,30.131790606275004,2.8692093937249923
14/06/19,05:00:00,5,-1.0,1.04,3,32.794000000000004,65.335,27.239059446625447,28.94474603861384,1.25558835302805,38.00690566871474,28.26983361788776,29.94855970273822,2.845440297261785
14/06/19,06:00:00,6,-1.0,1.04,3,32.562,68.751,27.63236670986231,28.893044675690792,1.2046811182611734,35.47653129312097,28.131850826786508,29.743256329880825,2.818743670119172
14/06/19,07:00:00,7,2.26,0.29,2.26,32.484,67.47800000000001,27.339633681761825,29.128287232673134,1.187354423951302,34.631787116444855,28.084277218341654,29.674099202773196,2.809900797226807
14/06/19,08:00:00,8,-1.0,1.04,3,32.51,65.071,26.938184653752955,28.64049660240911,1.1928743252502843,34.89995418615047,28.099048416850756,29.69701140099473,2.8129885990052688
14/06/19,09:00:00,9,-1.0,1.04,3,32.586999999999996,65.983,27.168805585918335,28.768892849516046,1.2099480010163497,35.7350268046864,28.145832440467252,29.765261142679307,2.821738857320688
14/06/19,10:00:00,10,3.0,0.6,3.0,32.586999999999996,61.523999999999994,26.366170746418902,28.52168131895022,1.2095440488980096,35.715173199302825,28.144087213768707,29.765036140537177,2.8219638594628176
14/06/19,11:00:00,11,3.0,0.6,3.0,32.768,59.629,26.17478278751588,28.597578827608093,1.2493225070906497,37.69173500507941,28.251989942438772,29.925234165266595,2.8427658347334073
14/06/19,12:00:00,24,3.0,0.6,3.0,32.975,59.946000000000005,26.41446022129537,28.825614477212174,1.295070220633352,40.015100521025886,28.37560902681552,30.108540765216322,2.8664592347836804
14/06/19,01:00:00,13,3.0,0.6,3.0,33.417,58.268,26.482060048897893,29.17572522411375,1.3926500612665795,45.12047362305069,28.635950154225352,30.49976690164341,2.9172330983565904
14/06/19,02:00:00,14,-1.0,1.6,3,33.757,56.018,26.340322022226417,29.38536991189893,1.4677123787053459,49.14972523943981,28.83326782221722,30.800559625867596,2.9564403741324035
14/06/19,03:00:00,15,-1.0,1.6,3,33.887,55.812,26.411277651171417,29.504074245613996,1.4964987136334056,50.70997536221388,28.90841933279465,30.91558908175862,2.9714109182413817
14/06/19,04:00:00,16,-1.0,1.6,3,34.124,57.448,26.934904909617444,29.84191644121537,1.549216629299076,53.57877674757715,29.045546378322623,31.125412844332594,2.998587155667407
14/06/19,05:00:00,17,-1.0,1.6,3,34.308,64.465,28.432145253238104,30.440146467050536,1.590769633166121,55.84283018134526,29.154044655072656,31.288701223946433,3.0192987760535686
14/06/19,06:00:00,18,-1.0,2.26,3,33.757,68.993,28.759379371367004,30.130439575434234,1.4689998212004562,49.21936804699189,28.839073830113893,30.801411444773112,2.9555885552268855
14/06/19,07:00:00,19,-1.0,2.26,3,33.809,72.001,29.337127735686124,30.34712607164452,1.480826135616638,49.8597409103131,28.87059820450809,30.84763971706217,2.96136028293783
14/06/19,08:00:00,20,-1.0,-1.0,-1.0,34.545,70.27,29.705140791051917,,1.6440256428699311,58.736112341956776,29.29151907626599,31.498823710938666,3.046176289061336
14/06/19,09:00:00,21,-1.0,-1.0,-1.0,34.571999999999996,71.225,29.90067053946302,,1.6501296274193686,59.066522477987355,29.30727125947422,31.522791358802625,3.0492086411973713
14/06/19,10:00:00,22,-1.0,3.05,3,34.519,63.56,28.450764635736505,30.603076236860044,1.637538250748018,58.38461312479668,29.273527624366377,31.475297045200413,3.043702954799584
14/06/19,11:00:00,23,-1.0,1.6,3,34.255,64.8,28.446866614682506,30.405195646375414,1.5790399219194822,55.20393769175519,29.1239555117217,31.24184121569948,3.0131587843005208
15/06/19,12:00:00,12,-1.0,1.6,3,34.202,64.072,28.26448995586219,30.309538635458754,1.5672029242959455,54.558951441815786,29.09331354764929,31.19490257679515,3.0070974232048484
15/06/19,01:00:00,1,-1.0,1.6,3,34.15,63.625,28.135060801208624,30.23093445582546,1.5556168757964264,53.927550737434196,29.063327851373078,31.14885833008752,3.001141669912476
15/06/19,02:00:00,2,-1.0,1.6,3,33.992,63.725,28.01311283501184,30.075664482236842,1.5205750040537198,52.01889041575927,28.972593981709288,31.009047205014024,2.9829527949859727
15/06/19,03:00:00,3,-1.0,1.6,3,33.835,64.543,28.024753589429906,29.962284834597607,1.4858459794859895,50.131882506305054,28.88229838708996,30.870155564455416,2.9648444355445864
15/06/19,04:00:00,4,-1.0,1.6,3,33.6,64.005,27.71641671838597,29.69224207831608,1.4337225649310035,47.31688444239131,28.74548612957323,30.66211603408519,2.937883965914812
15/06/19,05:00:00,5,3.0,0.6,3.0,33.417,63.005,27.37027814769948,29.449296398544643,1.3931076874509574,45.14481540267388,28.637990817870445,30.500055473806142,2.916944526193859
15/06/19,06:00:00,6,3.0,0.6,3.0,33.079,62.355,26.951734825284916,29.068575055240952,1.3182785353713913,41.2123446241963,28.438346256956898,30.20075278513825,2.878247214861752
15/06/19,07:00:00,7,3.0,0.6,3.0,32.975,62.715,26.92579429702016,28.98310537253541,1.295328661981003,40.0283670481472,28.37674307238612,30.108693446088395,2.8663065539116053
15/06/19,08:00:00,8,3.0,0.6,3.0,33.027,60.963,26.648903258054588,28.936562932534013,1.3066553436413846,40.61126849104657,28.40692288303554,30.154636454219563,2.8723635457804377
15/06/19,09:00:00,9,3.0,0.6,3.0,33.027,58.147,26.12154720068918,28.77413726686547,1.306391478192048,40.597656943444946,28.405762969220447,30.15447942158853,2.8725205784114727
15/06/19,10:00:00,10,2.12,0.24,2.12,33.313,53.768,25.52098743609679,29.263146766096703,1.3692081043822157,43.877995159935686,28.57293955505566,30.407432847714542,2.905567152285461
15/06/19,11:00:00,11,-1.0,0.94,3,33.548,54.284,25.8216343052336,29.069909095065153,1.421257849828232,46.64795488754507,28.710878880936416,30.61547618414738,2.9325238158526217
15/06/19,12:00:00,24,-1.0,0.94,3,33.783,52.604,25.685973424027168,29.20320054365357,1.4731334316487306,49.44306647458688,28.846812147285792,30.823344219107497,2.959655780892503
15/06/19,01:00:00,13,-1.0,0.94,3,34.229,51.461000000000006,25.828218211180626,29.57928193809683,1.5718964086143612,54.81471450846073,29.102822809149355,31.217874971350618,3.011125028649381
15/06/19,02:00:00,14,-1.0,2.1,3,34.704,47.818999999999996,25.4608001269969,29.819992168168245,1.6769834230241574,60.51591360375246,29.370240648289222,31.63772569058363,3.0662743094163707
15/06/19,03:00:00,15,-1.0,3.05,3,34.571999999999996,57.482,27.328471480279973,30.296894944979424,1.6486747940228785,58.98780100108574,29.30056160746464,31.521718934321235,3.050281065678761
15/06/19,04:00:00,16,-1.0,-1.0,-1.0,34.545,65.13,28.767179995937624,,1.6434825806148212,58.706701086514414,29.289015114197543,31.49842444298698,3.0465755570130217
15/06/19,05:00:00,17,-1.0,-1.0,-1.0,34.650999999999996,65.98899999999999,29.02169336153247,,1.6671396897297321,59.98547474789461,29.349343168430188,31.592284273421367,3.0587157265786282
15/06/19,06:00:00,18,-1.0,2.26,3,34.492,65.932,28.868415138960927,30.711597591853167,1.6317876116396381,58.07276526454313,29.259373694761326,31.451588450889325,3.0404115491106722
15/06/19,07:00:00,19,-1.0,-1.0,-1.0,34.836,66.83,29.34342916504744,,1.7083828797402576,62.199989131661766,29.45383236815975,31.756038667280656,3.0799613327193427
15/06/19,08:00:00,20,-1.0,-1.0,-1.0,35.181999999999995,67.945,29.861749800158748,,1.785552190143791,66.27127372367151,29.647388126908503,32.06224508246573,3.1197549175342676
15/06/19,09:00:00,21,-1.0,-1.0,-1.0,34.995,67.23,29.560760348731094,,1.7438193794175132,64.08310177053926,29.542986189267584,31.896745738121467,3.09825426187853
15/06/19,10:00:00,22,-1.0,-1.0,-1.0,35.208,67.453,29.794613672797084,,1.7912912572719177,66.56932405471349,29.661546766047937,32.085202667849586,3.122797332150409
15/06/19,11:00:00,23,-1.0,3.05,3,35.075,64.247,29.075119872016387,31.20959764963425,1.7613065934052223,65.00426104371618,29.586035701716547,31.967264198169925,3.1077358018300774
16/06/19,12:00:00,12,-1.0,3.05,3,34.863,64.243,28.885201848544057,30.993162898404773,1.7141111483786484,62.505752996959245,29.46766803901005,31.779712915182483,3.083287084817517
16/06/19,01:00:00,1,-1.0,3.05,3,34.571999999999996,64.72800000000001,28.71632334005119,30.724353317788964,1.6494417029599242,59.02930098612934,29.304097230346464,31.52228383632876,3.049716163671236
16/06/19,02:00:00,2,-1.0,1.6,3,34.413000000000004,63.26,28.300104938744767,30.477703050186587,1.6139569421690263,57.10444923287751,29.213237211713796,31.381490571998306,3.031509428001697
16/06/19,03:00:00,3,-1.0,1.6,3,34.15,62.589,27.941288420776687,30.171252562652416,1.5555108395872994,53.92177218794046,29.062844135415922,31.148784355728097,3.001215644271902
16/06/19,04:00:00,4,-1.0,1.6,3,33.887,62.736000000000004,27.73602679044336,29.912096980509755,1.497192682237862,50.74766013562361,28.91156006583403,30.916056085723042,2.97094391427696
16/06/19,05:00:00,5,-1.0,1.6,3,33.73,62.867,27.62132745574843,29.759804585423712,1.4624090727705938,48.86300284493779,28.82065461679764,30.777111415127223,2.9528885848727753
16/06/19,06:00:00,6,3.0,0.6,3.0,33.469,62.512,27.324846611756925,29.474043485474336,1.4045702316729516,45.755538891642274,28.668261009086624,30.546059102281575,2.9229408977184272
16/06/19,07:00:00,7,-1.0,1.6,3,33.521,63.553999999999995,27.563216841638337,29.586201516277807,1.4161839813055714,46.37622093892755,28.699147329978047,30.592156120368713,2.9288438796312875
16/06/19,08:00:00,8,3.0,0.6,3.0,33.235,60.901,26.819747440835727,29.1441429408306,1.3526372263102648,43.0053067625129,28.53000957679953,30.338799871838702,2.896200128161298
16/06/19,09:00:00,9,3.0,0.6,3.0,33.417,58.108999999999995,26.451692861989557,29.166372130545984,1.3926347027935804,45.119656739439684,28.635881687180078,30.499757222673853,2.917242777326148
16/06/19,10:00:00,10,-1.0,1.6,3,33.548,56.052,26.168064293670966,29.17660953150386,1.421430358088128,46.65719951642107,28.71165101260777,30.61558685460354,2.9324131453964646
16/06/19,11:00:00,11,-1.0,0.94,3,33.73,53.632,25.84673290812202,29.21322946475478,1.4614948885572168,48.81360333448297,28.81653742608118,30.776509421515296,2.9534905784847005
16/06/19,12:00:00,24,-1.0,0.94,3,33.966,52.531000000000006,25.825235411352992,29.382428235749924,1.5136799664171599,51.643755649435164,28.952490934912827,30.98527031323792,2.980729686762082
16/06/19,01:00:00,13,-1.0,0.94,3,34.255,50.42100000000001,25.63622762271217,29.539518836848554,1.5775567518479474,55.123131691676114,29.117173292381437,31.24079469733583,3.0142053026641733
16/06/19,02:00:00,14,-1.0,2.1,3,34.571999999999996,50.068999999999996,25.826380267513855,29.83425085144746,1.6478905611470318,58.945358280269005,29.296949206450783,31.52114224449263,3.0508577555073644
16/06/19,03:00:00,15,-1.0,3.05,3,34.73,58.24100000000001,27.614299121654312,30.502639858522723,1.6838788500528585,60.88682184804017,29.390016049136474,31.661559805599452,3.068440194400545
16/06/19,04:00:00,16,-1.0,3.05,3,34.942,58.144,27.77908348069184,30.711333441106287,1.7310286842892153,63.40579529339207,29.508781072122726,31.849091441632815,3.092908558367184
16/06/19,05:00:00,17,-1.0,3.05,3,35.102,63.056000000000004,28.872702771160903,31.16736818257075,1.7671884663019244,65.3127573039935,29.600438478365437,31.991045918852997,3.110954081147001
16/06/19,06:00:00,18,-1.0,-1.0,-1.0,35.075,65.218,29.258081427216155,,1.761413603404784,65.009879766372,29.586534636222765,31.96734807982632,3.1076519201736823
16/06/19,07:00:00,19,-1.0,3.05,3,35.128,64.882,29.242464480062893,31.300624788912568,1.7731815437940543,65.62635928757268,29.615827632189163,32.01420503576101,3.113794964238995
16/06/19,08:00:00,20,-1.0,3.05,3,35.422,63.17100000000001,29.17880213547852,31.500046786780583,1.8385151606288106,68.99174649532682,29.7774468900849,32.27411553823041,3.1478844617695834
16/06/19,09:00:00,21,-1.0,-1.0,-1.0,35.288000000000004,65.566,29.514302603695967,,1.808910285770907,67.47958516977835,29.704831212652028,32.15580375289388,3.132196247106124
16/06/19,10:00:00,22,-1.0,-1.0,-1.0,35.448,65.561,29.656737926061737,,1.8445846789723621,69.29890241033203,29.79301690319128,32.297335016197955,3.150664983802043
16/06/19,11:00:00,23,-1.0,3.05,3,34.995,61.998000000000005,28.575480633402208,30.99610876414108,1.7432464728134147,64.05282655637019,29.540319296872774,31.89630092892228,3.0986990710777187
17/06/19,12:00:00,12,-1.0,3.05,3,34.969,62.909,28.726907939899547,31.023378374542258,1.7375581695186622,63.751909514294006,29.526274876040436,31.873377512934457,3.0956224870655444
17/06/19,01:00:00,1,-1.0,3.05,3,34.704,63.778,28.656307445667892,30.80420842231891,1.6786898100027452,60.60775316174449,29.378126604248727,31.639001897872042,3.064998102127958
17/06/19,02:00:00,2,-1.0,1.6,3,34.44,62.257,28.134826276835156,30.446912222318428,1.6198479024770978,57.424576483129364,29.228089671688036,31.405296663214507,3.034703336785492
17/06/19,03:00:00,3,-1.0,1.6,3,34.255,62.732,28.061185114229772,30.286405744235974,1.578826533600416,55.19231211552349,29.122979027869967,31.24169043144072,3.0133095685592823
17/06/19,04:00:00,4,-1.0,1.6,3,34.045,62.698,27.86897616564221,30.070755388071003,1.5322265298091908,52.653205922976284,29.002623079842724,31.055877956519126,2.9891220434808767
17/06/19,05:00:00,5,-1.0,1.6,3,33.835,62.821000000000005,27.705706872973337,29.864018445928988,1.4856740515743088,50.12255874504225,28.881521086780293,30.87004055779687,2.964959442203132
17/06/19,06:00:00,6,-1.0,1.6,3,33.678000000000004,60.465,27.126114256787787,29.56853892014384,1.450651425825134,48.22826745731253,28.789359440812017,30.730930562504554,2.9470694374954496
17/06/19,07:00:00,7,3.0,0.6,3.0,33.495,58.725,26.636727936253692,29.281472933419334,1.409958010842815,46.04325169451791,28.681837632484694,30.568840624585626,2.9261593754143713
17/06/19,08:00:00,8,3.0,0.6,3.0,33.365,56.63399999999999,26.123799455915673,29.026640961475227,1.3809864232571345,44.501164117367125,28.604728038865897,30.45363618872387,2.911363811276132
17/06/19,09:00:00,9,-1.0,0.94,3,33.548,50.85,25.135861719097647,28.85869113853528,1.420922832813681,46.63000258563609,28.709379839110255,30.61526139533615,2.93273860466385
17/06/19,10:00:00,10,-1.0,0.94,3,33.678000000000004,49.626999999999995,24.994826054950863,28.912102153978065,1.4495831167097633,48.17066279307811,28.784557784798444,30.730232660909692,2.9477673390903116
17/06/19,11:00:00,11,-1.0,0.94,3,33.887,47.949,24.81948476241496,29.01380203587701,1.49571096072604,50.667201339528425,28.904857272609878,30.91505990640746,2.9719400935925413
17/06/19,12:00:00,24,-1.0,0.94,3,34.15,46.332,24.69285719512959,29.170735745153113,1.5538477473009862,53.83114110012746,29.055265156321976,31.14762649410402,3.0023735058959793
17/06/19,01:00:00,13,2.72,0.46,2.72,34.44,43.743,24.366503544423153,29.426749419894247,1.6179104755818021,57.31931388539577,29.21919322142164,31.40389796548543,3.0361020345145677
17/06/19,02:00:00,14,-1.0,0.94,3,34.413000000000004,52.331,26.160199756097313,29.818612253931175,1.6128153832278536,57.04239287600771,29.207995870057797,31.380668372998873,3.0323316270011325
17/06/19,03:00:00,15,-1.0,2.1,3,34.650999999999996,45.961000000000006,25.018712490238613,29.64434417604669,1.665007237323107,59.87042788722188,29.33949985624025,31.59069980127824,3.0603001987217557
17/06/19,04:00:00,16,-1.0,3.05,3,34.836,57.553000000000004,27.570475300520002,30.568112121613364,1.7073800436379758,62.1464097682794,29.449180892696933,31.755275283356905,3.080724716643092
17/06/19,05:00:00,17,-1.0,3.05,3,34.969,62.657,28.678636771103243,31.008510854553,1.7375306360358684,63.75045157161678,29.526146801910524,31.873356210995194,3.095643789004806
17/06/19,06:00:00,18,-1.0,3.05,3,35.075,60.776,28.410220556002457,31.004808660301958,1.7609241233363624,64.98417701430492,29.584252890717355,31.966964540528156,3.108035459471845
17/06/19,07:00:00,19,-1.0,-1.0,-1.0,35.262,65.249,29.431171009381956,,1.8030797157490686,67.17917117187432,29.690291068854613,32.13277576075425,3.1292242392457523
17/06/19,08:00:00,20,-1.0,-1.0,-1.0,35.475,66.752,29.904855485779706,,1.8507425640500166,69.60948612464333,29.80849000094733,32.321329177628975,3.153670822371025
17/06/19,09:00:00,21,-1.0,-1.0,-1.0,35.181999999999995,70.538,30.336007442926928,,1.7858405040075542,66.28626448853674,29.648735856035103,32.062474180095485,3.1195258199045086
17/06/19,10:00:00,22,-1.0,-1.0,-1.0,34.81,69.30199999999999,29.772477141339152,,1.7028641759582128,61.90495707304236,29.440480814311883,31.73323737757817,3.0767626224218305
17/06/19,11:00:00,23,-1.0,-1.0,-1.0,34.757,68.459,29.570781520086143,,1.690980747851939,61.26822985308378,29.41027697109129,31.686273312803966,3.0707266871960317
18/06/19,12:00:00,12,-1.0,3.05,3,34.624,64.768,28.770354871994357,30.779735029627464,1.6610062576705322,59.6544473123924,29.333503237713305,31.568297666788734,3.05570233321127
18/06/19,01:00:00,1,-1.0,1.6,3,34.492,64.245,28.55503954349433,30.615077908449454,1.631610151637928,58.06313811623871,29.258556749939505,31.451458926599514,3.0405410734004845
18/06/19,02:00:00,2,-1.0,1.6,3,34.176,64.381,28.298538750855244,30.30065566431662,1.5614643714615086,54.24622099222885,29.07857601896281,31.171919456896845,3.004080543103156
18/06/19,03:00:00,3,-1.0,1.6,3,34.045,64.516,28.206993897142524,30.174864849373105,1.5324110720528028,52.66325587191409,29.003462526751434,31.056004937954423,2.9889950620455785
18/06/19,04:00:00,4,-1.0,1.6,3,33.94,64.998,28.201796040872807,30.095038909642025,1.5091713599022252,51.39857126455048,28.94319685244579,30.963115232679407,2.9768847673205916
18/06/19,05:00:00,5,-1.0,1.6,3,33.757,64.905,28.021203019070867,29.903081258927028,1.4685940898799403,49.19741890560316,28.83724313003107,30.801142709879432,2.9558572901205658
18/06/19,06:00:00,6,-1.0,1.6,3,33.521,62.269,27.32575881947747,29.51306444545226,1.41605881289981,46.36952172882024,28.69858706886758,30.59207597304523,2.9289240269547725
18/06/19,07:00:00,7,3.0,0.6,3.0,33.365,62.871,27.299112609914857,29.388637412906977,1.38158649071049,44.53297367118094,28.607398822415405,30.45401169439637,2.9109883056036305
18/06/19,08:00:00,8,3.0,0.6,3.0,33.287,62.263000000000005,27.118451441352136,29.274883772989657,1.3642698295581739,43.617418449054256,28.561244113566968,30.38491907307139,2.9020809269286083
18/06/19,09:00:00,9,3.0,0.6,3.0,33.079,58.599,26.251894498886486,28.853024234710244,1.3179251510768102,41.19402744234129,28.436789596229897,30.2005407945645,2.878459205435502
18/06/19,10:00:00,10,3.0,0.6,3.0,33.391,57.085,26.23294190685965,29.07962683636597,1.3867825439179466,44.808656840923355,28.62018727044283,30.476679323729584,2.9143206762704126
18/06/19,11:00:00,11,-1.0,0.94,3,33.6,54.806999999999995,25.96875361898026,29.15396184369912,1.4328212237523292,47.268450155876494,28.74144292445343,30.661532952091502,2.938467047908501
18/06/19,12:00:00,24,-1.0,0.94,3,33.94,50.51,25.39257842251618,29.229799883188182,1.5077133273592953,51.3193022743815,28.936589049979975,30.962127362773284,2.9778726372267137
18/06/19,01:00:00,13,-1.0,0.94,3,34.124,50.86,25.6174093673543,29.436127814198326,1.548544072150174,53.54212869626223,29.04248372102262,31.12494623997338,2.999053760026622
18/06/19,02:00:00,14,-1.0,0.94,3,34.36,48.468,25.315939261749236,29.519095021671962,1.6006503594990285,56.380704391267464,29.1760433053249,31.333509913584376,3.0264900864156243
18/06/19,03:00:00,15,-1.0,2.1,3,34.598,48.102,25.433904324592902,29.732738261027816,1.6534587568824863,59.24659190040314,29.310669088825968,31.543987990997316,3.0540120090026828
18/06/19,04:00:00,16,-1.0,2.1,3,34.863,50.761,26.21272950139155,30.1700414154818,1.7126510376009048,62.42786174637497,29.460895351572272,31.778598964809593,3.084401035190407
18/06/19,05:00:00,17,-1.0,3.05,3,34.995,57.992,27.79477778338321,30.755652286335224,1.742807943522253,64.02964849207603,29.53827902358087,31.895960803113933,3.099039196886064
18/06/19,06:00:00,18,-1.0,3.05,3,34.969,64.38600000000001,29.006547401887644,31.109507328834592,1.7377195552289735,63.76045488285711,29.527025649259382,31.873502397053596,3.0954976029464065
18/06/19,07:00:00,19,-1.0,3.05,3,35.075,62.232,28.691137455040234,31.091331065205598,1.7610845497815173,64.99260158079551,29.585000600912117,31.967090203235607,3.107909796764398
18/06/19,08:00:00,20,-1.0,3.05,3,35.049,64.023,29.009711678666065,31.17008192608235,1.7554918571546485,64.69861093268324,29.57144829339103,31.944244233714176,3.1047557662858236
18/06/19,09:00:00,21,-1.0,3.05,3,35.049,64.869,29.168992188618063,31.219140323147567,1.755584895457604,64.70350665051072,29.571881848371824,31.94431693377206,3.1046830662279374
18/06/19,10:00:00,22,-1.0,3.05,3,34.995,64.766,29.101615086374977,31.15815817565669,1.7435495462782549,64.0688431954507,29.54172990931284,31.896536172696567,3.0984638273034295
18/06/19,11:00:00,23,-1.0,3.05,3,34.624,63.42,28.51746819496566,30.70184593310263,1.6608629682665124,59.646709293929746,29.332841606713142,31.56819135886229,3.055808641137713
19/06/19,12:00:00,12,-1.0,3.05,3,34.571999999999996,60.06399999999999,27.83158792189812,30.45185480899782,1.6489480312202047,59.0025873595258,29.30182094986263,31.521920091867884,3.0500799081321133
19/06/19,01:00:00,1,-1.0,1.6,3,34.413000000000004,61.306000000000004,27.930342225650065,30.36381613455342,1.6137527873415234,57.093351655884646,29.212299365473562,31.381343377111467,3.031656622888538
19/06/19,02:00:00,2,-1.0,1.6,3,34.229,61.498999999999995,27.805357450835913,30.188240823910657,1.5729296097712158,54.87101406371284,29.107543553705657,31.218601319027623,3.0103986809723753
19/06/19,03:00:00,3,-1.0,1.6,3,34.071,59.479,27.281786620680748,29.90927100822287,1.5376667338084309,52.94950923654979,29.01607675352093,31.078659885024745,2.9923401149752538
19/06/19,04:00:00,4,-1.0,1.6,3,33.809,57.657,26.703661899368626,29.536018594058735,1.4793968373792687,49.78228826237306,28.864140426156723,30.84668674671717,2.9623132532828254
19/06/19,05:00:00,5,-1.0,1.6,3,33.574,57.303000000000004,26.432446658768527,29.277409299953906,1.4273088411431145,46.97244865883102,28.727374805474838,30.638678314094353,2.935321685905646
19/06/19,06:00:00,6,3.0,0.6,3.0,33.417,57.536,26.34207963464246,29.13261125652308,1.392579355411989,45.116712962916225,28.63563496304269,30.499722345691488,2.917277654308514
19/06/19,07:00:00,7,3.0,0.6,3.0,33.209,57.058,26.07115188268415,28.89420550891992,1.3465215617218256,42.68448954648161,28.513045802674707,30.315556506463295,2.8934434935367066
19/06/19,08:00:00,8,2.12,0.24,2.12,33.157,54.61600000000001,25.554913343090902,29.15737594545088,1.3347926183763883,42.07120056731572,28.481302228947328,30.269377650522305,2.887622349477691
19/06/19,09:00:00,9,2.12,0.24,2.12,33.313,53.251999999999995,25.41943603718414,29.231868935231603,1.369158676644388,43.87538493682616,28.572720124534992,30.407402195482984,2.9055978045170177
19/06/19,10:00:00,10,-1.0,0.94,3,33.574,51.602,25.309327342407414,28.931488550514683,1.42675146855671,46.94253962010513,28.724878144966603,30.638319492875933,2.935680507124065
19/06/19,11:00:00,11,-1.0,0.94,3,33.966,49.729,25.253837770972495,29.20643776251273,1.5133975088211709,51.62839244798901,28.951210872922257,30.98507857134634,2.980921428653662
19/06/19,12:00:00,24,-1.0,1.6,3,33.757,62.338,27.546884998342193,29.75699130854259,1.4683393639055589,49.183639534884364,28.83609423476594,30.800974128462343,2.9560258715376535
19/06/19,01:00:00,13,-1.0,0.94,3,33.914,53.948,26.065614648567987,29.41772504081214,1.5022961229583665,51.024880602188034,28.92316004730059,30.939355089945714,2.974644910054288
19/06/19,02:00:00,14,-1.0,2.26,3,33.626,66.189,28.137934621600948,29.841439592506287,1.43969587391054,47.638102409821364,28.761610377619714,30.685270222865682,2.9407297771343166
19/06/19,03:00:00,15,-1.0,2.26,3,33.548,65.773,27.99258308579317,29.7385613194775,1.4223791555655712,46.70805186748286,28.715900654021613,30.616196400820034,2.931803599179969
19/06/19,04:00:00,16,-1.0,1.04,3,33.365,72.861,29.07722507189311,29.936296051196276,1.3825480501997218,44.583957986004194,28.611682691314456,30.454614621005625,2.910385378994377
19/06/19,05:00:00,17,-1.0,1.85,3,33.183,75.9,29.4250521130449,29.90783677987103,1.3425603130601511,42.477065046474294,28.505603424883592,30.293628925606754,2.889371074393247
19/06/19,06:00:00,18,-1.0,2.26,3,33.678000000000004,74.07,29.57425896418897,30.322567490023406,1.4519933816197046,48.3006440445119,28.795399804605164,30.731809837816684,2.9461901621833193
19/06/19,07:00:00,19,-1.0,2.26,3,33.626,72.97,29.336847528742283,30.21070476790582,1.44036209130991,47.673953708766554,28.764604997856047,30.685703842764227,2.9402961572357706
19/06/19,08:00:00,20,-1.0,2.26,3,33.887,66.327,28.39740868122209,30.115802602869604,1.4975527025356268,50.76721156176052,28.91319044403198,30.91629866589925,2.9707013341007475
19/06/19,09:00:00,21,-1.0,2.26,3,33.992,66.03399999999999,28.438304323717034,30.206623460758042,1.520808425133605,52.03159339172773,28.97365432948673,31.009206735549107,2.98279326445089
19/06/19,10:00:00,22,-1.0,2.26,3,33.966,65.905,28.39157696946762,30.172861435649228,1.515028762808851,51.717123157912475,28.95860935396387,30.98618769449734,2.9798123055026617
19/06/19,11:00:00,23,-1.0,1.6,3,33.861,61.913999999999994,27.559469561971355,29.838347354140378,1.4913466290121518,50.43029378645919,28.89615567530893,30.89299049449536,2.968009505504635
20/06/19,12:00:00,12,-1.0,1.6,3,33.757,62.934,27.65769460121146,29.79112066622633,1.4683985023437873,49.186838571584815,28.83636093676804,30.801013257835116,2.955986742164881
20/06/19,01:00:00,1,-1.0,1.6,3,33.626,63.696999999999996,27.68299118507298,29.70131701405568,1.4394511027969994,47.624931736045326,28.760510748084272,30.68511108873461,2.940888911265385
20/06/19,02:00:00,2,3.0,0.6,3.0,33.469,64.639,27.71576801498611,29.594447277668923,1.4047765833110324,45.76655076721187,28.669183124427008,30.546190285689022,2.922809714310979
20/06/19,03:00:00,3,3.0,0.6,3.0,33.365,64.809,27.654022969961943,29.49794980380148,1.3817729877504663,44.542861054246096,28.6082292902706,30.454128517237155,2.9108714827628472
20/06/19,04:00:00,4,3.0,0.6,3.0,33.209,62.815,27.15084737208747,29.226751719656146,1.347068762729416,42.71316626015155,28.515467926747508,30.315891297149907,2.8931087028500975
20/06/19,05:00:00,5,3.0,0.6,3.0,33.079,61.601000000000006,26.81283055468805,29.02579253989712,1.3182075896498529,41.20866704102537,28.438033684014435,30.200710209627243,2.8782897903727576
20/06/19,06:00:00,6,3.0,0.6,3.0,32.949,58.548,26.12969627331256,28.71853718123347,1.289195855418593,39.71396394727876,28.359571801186434,30.085443985452994,2.8635560145470045
20/06/19,07:00:00,7,3.0,0.6,3.0,32.898,55.927,25.587646912248374,28.5135909780257,1.2776873020834023,39.12632788137379,28.328136612955383,30.04014663588938,2.857853364110626
20/06/19,08:00:00,8,3.0,0.6,3.0,32.924,56.761,25.769476075104535,28.588964360185397,1.2835072471436708,39.42310978089305,28.3439625923079,30.063211873255888,2.860788126744113
20/06/19,09:00:00,9,3.0,0.6,3.0,33.001,57.665,26.007538894410004,28.71965270853148,1.3006015852097543,40.299370156291985,28.390126253525544,30.131434062652787,2.86956593734721
20/06/19,10:00:00,10,2.12,0.24,2.12,33.157,54.391000000000005,25.511174800111007,29.143904474213073,1.3347713244288586,42.070089576067154,28.4812082135873,30.269364738816392,2.8876352611836023
20/06/19,11:00:00,11,2.12,0.24,2.12,33.391,53.358999999999995,25.506419398989806,29.31676981066775,1.3864234202622148,44.78958933412593,28.61858831282994,30.47645400763184,2.9145459923681565
20/06/19,12:00:00,24,-1.0,0.94,3,33.6,52.449,25.50111303630996,29.00992854423667,1.432590228519491,47.25603898236831,28.740407446467987,30.661383730973295,2.9386162690267077
20/06/19,01:00:00,13,-1.0,0.94,3,33.861,50.663000000000004,25.358297455922354,29.16038634547728,1.49022147290306,50.36923723303109,28.891069237637794,30.892236525330627,2.9687634746693683
20/06/19,02:00:00,14,-1.0,2.1,3,34.519,48.125,25.374003092046223,29.655433681403434,1.6359120233384559,58.296450016248,29.266044411554592,31.47410857732767,3.04489142267233
20/06/19,03:00:00,15,-1.0,2.1,3,34.889,46.818000000000005,25.396851972167894,29.938121136480913,1.7180063541074426,62.713387721906734,29.47345514819415,31.801268809201908,3.0877311907980958
20/06/19,04:00:00,16,-1.0,2.1,3,35.128,46.316,25.482354707534796,30.142510978973913,1.7711279561898794,65.51898435590337,29.606253010048416,32.01258844973128,3.115411550268719
20/06/19,05:00:00,17,-1.0,3.05,3,35.102,57.143,27.718565536835285,30.811893914398464,1.7665356010011377,65.27854990081877,29.59739451621838,31.990533047521716,3.1114669524782794
20/06/19,06:00:00,18,-1.0,3.05,3,35.288000000000004,57.555,27.961434420257774,31.025267530492595,1.8080123777754942,67.43337501367171,29.700629451893278,32.15508261161216,3.132917388387842
20/06/19,07:00:00,19,-1.0,-1.0,-1.0,34.916,65.316,29.134102804973224,,1.7260231165064246,63.13997201975557,29.49787867618844,31.82669189783194,3.0893081021680566
20/06/19,08:00:00,20,-1.0,-1.0,-1.0,35.609,64.428,29.585950337066834,,1.8803702442926011,71.08844032250005,29.88067842475108,32.43961884085638,3.169381159143622
20/06/19,09:00:00,21,-1.0,-1.0,-1.0,35.662,64.876,29.718757763828307,,1.8922483135713024,71.67387518789118,29.909876960813087,32.486529132218614,3.1754708677813883
20/06/19,10:00:00,22,-1.0,-1.0,-1.0,35.635999999999996,65.217,29.7604694276705,,1.886485620239764,71.39040319289197,29.895863564080184,32.46357052555725,3.172429474442743
20/06/19,11:00:00,23,-1.0,3.05,3,35.181999999999995,62.217,28.78272521473116,31.19925509519039,1.784915470930949,66.23816122773843,29.644413195468964,32.06173960271191,3.1202603972880834
21/06/19,12:00:00,12,-1.0,3.05,3,34.942,60.851000000000006,28.30776959507068,30.87416876433497,1.7313237502017476,63.42145184444444,29.510152312082905,31.84931881855553,3.092681181444469
21/06/19,01:00:00,1,-1.0,3.05,3,34.942,60.978,28.332539625414483,30.88179793368086,1.7313375945867835,63.422186407978955,29.510216660713972,31.84932949039424,3.092670509605759
21/06/19,02:00:00,2,-1.0,3.05,3,34.757,59.61600000000001,27.90636757807829,30.612711943101313,1.6900307319697327,61.21724609083491,29.405877126657526,31.685556794833904,3.071443205166093
21/06/19,03:00:00,3,-1.0,3.05,3,34.545,56.613,27.133417953922958,30.21670345886147,1.642583098701659,58.65798150725995,29.284871068395805,31.497764167470518,3.0472358325294846
21/06/19,04:00:00,4,-1.0,1.6,3,34.36,55.494,26.752889134609404,29.961675582512893,1.6013809015330163,56.42045867623415,29.17939076763123,31.33403178424029,3.02596821575971
21/06/19,05:00:00,5,-1.0,1.6,3,34.202,56.082,26.733962613757512,29.838136214090515,1.5663821069917152,54.5142207260719,29.08956430261102,31.19432709242711,3.007672907572889
21/06/19,06:00:00,6,-1.0,1.6,3,33.94,55.562,26.40724417638745,29.542316935380537,1.5082216106478363,51.34693495940493,28.938891304672055,30.9624713542904,2.9775286457095973
21/06/19,07:00:00,7,-1.0,0.94,3,33.574,54.481,25.88276616544624,29.10810770801064,1.427032919683343,46.95764202528601,28.72613864799083,30.638500620813353,2.935499379186644
21/06/19,08:00:00,8,-1.0,1.6,3,33.574,55.992,26.17858174928574,29.19921890783321,1.4271806526744444,46.96556962969652,28.72680045583485,30.638595745521535,2.935404254478463
21/06/19,09:00:00,9,-1.0,0.94,3,33.574,52.446000000000005,25.478701772202385,28.983655874891536,1.4268339734697022,46.94696665586713,28.725247605526125,30.638372575700743,2.9356274242992546
21/06/19,10:00:00,10,-1.0,0.94,3,33.626,51.446000000000005,25.321590811981935,28.974005699143635,1.4382482602525517,47.560218824639676,28.755111736649745,30.684330482702364,2.941669517297633
21/06/19,11:00:00,11,-1.0,0.94,3,33.73,49.83,25.079404590177376,28.976892342827828,1.4611186594772532,48.79327539568308,28.814844322514354,30.776262064627318,2.9537379353726787
21/06/19,12:00:00,24,-1.0,0.94,3,33.887,48.998999999999995,25.037761170008025,29.08103116941567,1.4958161345521435,50.672911930457886,28.905332655789955,30.91513049938429,2.9718695006157096
21/06/19,01:00:00,13,-1.0,0.94,3,34.097,47.382,24.872032542942804,29.186436752279587,1.5422019037661918,53.196569895135354,29.025396763887436,31.100814403261825,2.9961855967381767
21/06/19,02:00:00,14,-1.0,0.94,3,34.255,48.45399999999999,25.226670073662035,29.413375111741107,1.5773539568952222,55.11208273746981,29.116246843490156,31.240651881735403,3.0143481182646004
21/06/19,03:00:00,15,-1.0,0.94,3,34.202,53.665,26.252778305125503,29.689931447031856,1.5661338829883091,54.500693598123185,29.088431183300404,31.194153273760378,3.0078467262396216
21/06/19,04:00:00,16,-1.0,0.94,3,34.36,54.785,26.61131002192525,29.918069215806174,1.6013071679696065,56.41644637460257,29.179052783524046,31.33397907286819,3.0260209271318086
21/06/19,05:00:00,17,-1.0,1.6,3,34.202,62.031000000000006,27.882058075089958,30.19174961618091,1.5669932145833025,54.54752327938006,29.092355322502865,31.194755443583926,3.0072445564160737
21/06/19,06:00:00,18,-1.0,2.26,3,33.678000000000004,68.548,28.608395194226887,30.02508144887508,1.451448587201167,48.27125908074658,28.792946417751462,30.731452528086415,2.946547471913591
21/06/19,07:00:00,19,-1.0,1.04,3,33.391,68.097,28.26826064931032,29.70650500904078,1.3878443301221002,44.8650437068304,28.62491892002316,30.477346709260317,2.9136532907396795
21/06/19,08:00:00,20,-1.0,1.04,3,33.365,73.10300000000001,29.11905714666989,29.949180330227524,1.382571349539071,44.58519356000168,28.611786556322606,30.454629248864997,2.910370751135007
21/06/19,09:00:00,21,-1.0,1.04,3,33.365,67.939,28.216470545972356,29.67118365721269,1.3820742333511746,44.558833162990844,28.609571137887734,30.45431733756496,2.910682662435044
21/06/19,10:00:00,22,-1.0,2.26,3,33.626,68.6,28.570728785476376,29.974740194979926,1.4399327207202226,47.65084732998693,28.76267471771307,30.68542429704961,2.940575702950386
21/06/19,11:00:00,23,-1.0,2.26,3,33.626,71.053,29.003497889806226,30.108033079113515,1.4401737254881748,47.66381663648679,28.76375805616902,30.685581168869966,2.9404188311300308
22/06/19,12:00:00,12,-1.0,2.26,3,33.521,70.57600000000001,28.823969603505475,29.974513366932886,1.4168681287938119,46.41284124507648,28.702211130956357,30.59259463700823,2.9284053629917715
22/06/19,01:00:00,1,-1.0,1.04,3,33.391,65.653,27.830395092703498,29.571642417605876,1.3876086240442176,44.85252485683622,28.623868002607665,30.477198399429753,2.9138016005702445
22/06/19,02:00:00,2,3.0,0.6,3.0,33.260999999999996,60.083999999999996,26.689770867857817,29.123480156353406,1.358310170865232,43.30351556761423,28.54499824499423,30.361771299277663,2.899228700722332
22/06/19,03:00:00,3,3.0,0.6,3.0,33.157,59.68899999999999,26.524942523795744,28.99523302638229,1.335272791321103,42.09625550947321,28.483422925245385,30.269668999752195,2.8873310002478005
22/06/19,04:00:00,4,3.0,0.6,3.0,33.001,58.714,26.205967284086455,28.780768652551824,1.3006996742450756,40.304417372622595,28.390556938661263,30.13149219124084,2.869507808759155
22/06/19,05:00:00,5,3.0,0.6,3.0,32.846,58.215,25.977648602875206,28.59497149873876,1.2664153010070305,38.55383952907685,28.29804715580682,29.994227737215713,2.8517722627842836
22/06/19,06:00:00,6,3.0,0.6,3.0,32.691,57.206,25.653501583838533,28.37965921687547,1.232103032159175,36.830865159994005,28.204887877068696,29.856920959973557,2.8340790400264444
22/06/19,07:00:00,7,3.0,0.6,3.0,32.51,59.369,25.901955432023385,28.321338002116402,1.1923608483588986,34.87497075784323,28.096837809372445,29.696728950360203,2.8132710496397935
22/06/19,08:00:00,8,3.0,0.6,3.0,32.586999999999996,60.233000000000004,26.128907635846645,28.448604280893964,1.2094271099540594,35.70942669725106,28.14358216956669,29.76497105390055,2.8220289460994485
22/06/19,09:00:00,9,3.0,0.6,3.0,32.691,56.312,25.483922975022608,28.32742900536017,1.2320214195219445,36.82680376205291,28.204534023475546,29.856874842515836,2.8341251574841655
22/06/19,10:00:00,10,2.12,0.24,2.12,33.001,53.177,25.14160432416395,28.913856767621382,1.300181983502423,40.27778178114845,28.388284498987293,30.13118557678029,2.86981442321971
22/06/19,11:00:00,11,2.12,0.24,2.12,33.079,52.832,25.139361501664894,28.97127597829168,1.3173826928235106,41.165914990008716,28.434401432036893,30.200215771715346,2.8787842282846556
22/06/19,12:00:00,24,2.12,0.24,2.12,33.313,52.864,25.3426802234722,29.208228144608327,1.3691215109320913,43.873422284982375,28.572555139231284,30.407379150043667,2.905620849956336
22/06/19,01:00:00,13,-1.0,0.94,3,33.809,47.906000000000006,24.74654850811089,28.933227669551354,1.4784258593133552,49.72968054759935,28.85975966560208,30.846041234774688,2.96295876522531
22/06/19,02:00:00,14,-1.0,0.94,3,34.019,47.174,24.764548049335815,29.095221528248626,1.5248876796777266,52.253622310620216,28.98052978050062,31.031794193871708,2.987205806128291
22/06/19,03:00:00,15,-1.0,0.94,3,34.334,45.626000000000005,24.690335063726593,29.307038928680992,1.594586470334277,56.05064550401984,29.159907983909925,31.31030764868065,3.0236923513193537
22/06/19,04:00:00,16,-1.0,2.1,3,34.757,45.144,24.926637838826935,29.694955183411896,1.6884771144066388,61.133844439189446,29.398691536458063,31.684388131402578,3.0726118685974204
22/06/19,05:00:00,17,-1.0,3.05,3,34.704,59.288999999999994,27.79647984382524,30.539381520951377,1.678209661229257,60.58191446104031,29.37590614806077,31.638642324590784,3.065357675409216
22/06/19,06:00:00,18,-1.0,2.1,3,35.208,46.326,25.549136023180722,30.22267962419286,1.7889391492860633,66.44726022900224,29.650562073149278,32.0833330628498,3.1246669371501916
22/06/19,07:00:00,19,-1.0,1.36,3,35.475,44.861000000000004,25.441935001042566,30.38857670937431,1.848252661965442,69.48403154995748,29.796808434706644,32.31928860182106,3.1557113981789424
22/06/19,08:00:00,20,-1.0,-1.0,-1.0,35.609,47.103,26.04557327225018,,1.8783787138261947,70.98985262139166,29.871312764379653,32.43796319122991,3.1710368087700873
22/06/19,09:00:00,21,-1.0,3.05,3,34.704,57.981,27.54053574846006,30.460550739578895,1.6780697811377108,60.57438645645837,29.375259488242147,31.638537640543564,3.065462359456435
22/06/19,10:00:00,22,-1.0,1.6,3,34.387,59.146,27.492859618231023,30.209701491468355,1.6077546656812507,56.76720859326015,29.1964884134669,31.358184529074634,3.0288154709253665
22/06/19,11:00:00,23,-1.0,3.05,3,34.519,61.26,28.014748575526255,30.468783290315283,1.637295826732385,58.37147178548933,29.27241123591021,31.475119610097607,3.04388038990239
23/06/19,12:00:00,12,-1.0,3.05,3,34.571999999999996,58.6,27.547399822505554,30.364324874384902,1.648793099803956,58.994203253318894,29.301106828863723,31.521806016518052,3.050193983481944
23/06/19,01:00:00,1,-1.0,1.6,3,34.413000000000004,58.257,27.342638096263386,30.182803262702325,1.6134342743288135,57.07603729101332,29.21083660868479,31.38111386429597,3.031886135704034
23/06/19,02:00:00,2,-1.0,1.6,3,34.15,58.346000000000004,27.13193205395089,29.921970801670074,1.5550766286729392,53.89810948757009,29.06086396740278,31.148481624501397,3.001518375498601
23/06/19,03:00:00,3,-1.0,1.6,3,34.019,58.803999999999995,27.106759564976414,29.816622675065933,1.5260650841918455,52.317717877890914,28.985874923218965,31.0325995117526,2.9864004882473982
23/06/19,04:00:00,4,-1.0,1.6,3,33.887,59.515,27.12827998314657,29.724910963862346,1.4968698188198102,50.73012723023283,28.91009854445296,30.91583871928929,2.97116128071071
23/06/19,05:00:00,5,-1.0,1.6,3,33.757,60.604,27.22133998036668,29.656723443006133,1.4681673179023118,49.1743330445157,28.835318450467916,30.800860325037938,2.956139674962061
23/06/19,06:00:00,6,-1.0,1.6,3,33.574,59.531000000000006,26.858437659153196,29.40861452807238,1.427526714011387,46.98414092018075,28.7283511926375,30.63881871082228,2.935181289177715
23/06/19,07:00:00,7,3.0,0.6,3.0,33.209,60.108000000000004,26.64881723559091,29.072126437615207,1.3468114429201916,42.699680408829494,28.514328721041025,30.315733802716103,2.893266197283901
23/06/19,08:00:00,8,3.0,0.6,3.0,33.313,59.997,26.718978967349415,29.171216250996824,1.3698048870804074,43.90951387580561,28.575589994423733,30.407803248434057,2.905196751565944
23/06/19,09:00:00,9,3.0,0.6,3.0,33.391,59.756,26.741567435973934,29.236283499333172,1.3870400269924783,44.82232903209204,28.621334123160054,30.476840997872944,2.9141590021270543
23/06/19,10:00:00,10,3.0,0.6,3.0,33.495,56.941,26.294651960394503,29.176113532854703,1.409784636670826,46.033987054902305,28.681062738833887,30.568730155172787,2.9262698448272086
23/06/19,11:00:00,11,-1.0,0.94,3,33.652,54.331,25.91922808131585,29.17744797809848,1.4442888207278373,47.8853631679948,28.771517742247,30.707524874474206,2.944475125525794
23/06/19,12:00:00,24,-1.0,0.94,3,33.809,53.222,25.831956164585847,29.26753322774564,1.4789551466061746,49.75835650174402,28.862147022708832,30.846392919663327,2.962607080336672
23/06/19,01:00:00,13,-1.0,0.94,3,34.071,52.026,25.811359671258572,29.456379507800836,1.5369089793965691,52.90823352397979,29.01263055072277,31.07813765216958,2.9928623478304157
23/06/19,02:00:00,14,-1.0,1.6,3,34.229,57.591,27.053603832665885,29.95670070951429,1.5725272907359826,54.84909168067072,29.10570467783613,31.218318281262956,3.0106817187370423
23/06/19,03:00:00,15,-1.0,1.6,3,34.097,59.356,27.28064237386451,29.928288580203468,1.5434216477526792,53.26302398333189,29.030946518118657,31.10165745950077,2.995342540499231
23/06/19,04:00:00,16,-1.0,1.6,3,34.413000000000004,59.403999999999996,27.565421825102703,30.251420651184834,1.6135540885409343,57.08255045247183,29.211386788907124,31.381200180384567,3.0317998196154345
23/06/19,05:00:00,17,-1.0,3.05,3,34.704,60.909,28.110047279677417,30.635960291193843,1.6783829229399663,60.59123866729344,29.376707266108518,31.638772034205978,3.0652279657940213
23/06/19,06:00:00,18,-1.0,-1.0,-1.0,34.704,65.811,29.036034529838105,,1.678907306083743,60.619456599193526,29.379132800114945,31.639164897144095,3.064835102855905
23/06/19,07:00:00,19,-1.0,-1.0,-1.0,34.650999999999996,67.264,29.2564014350516,,1.6672755326627766,59.99280193018039,29.3499709916401,31.592385454634787,3.058614545365208
23/06/19,08:00:00,20,-1.0,-1.0,-1.0,34.704,69.745,29.756071021649745,,1.6793282544309014,60.64210620536353,29.381080897241066,31.63948058510602,3.064519414893981
23/06/19,09:00:00,21,-1.0,2.26,3,34.492,68.042,29.254989920360686,30.83066262452429,1.6320095936647314,58.08480740794615,29.260395825300265,31.45175054182657,3.0402494581734287
23/06/19,10:00:00,22,-1.0,2.26,3,34.308,69.367,29.326992173587882,30.71575931851827,1.5912776787131788,55.870494330104634,29.1563735815657,31.28906297595191,3.01893702404809
23/06/19,11:00:00,23,-1.0,2.26,3,34.308,71.513,29.709550921577318,30.833587412899018,1.591500137762945,55.88260745074653,29.157393775090053,31.289221507954963,3.0187784920450373
24/06/19,12:00:00,12,-1.0,2.26,3,33.6,70.131,28.81778562156228,30.03146370049438,1.4343231216767032,47.3491611235523,28.748182543967918,30.662505264027565,2.9374947359724373
24/06/19,01:00:00,1,-1.0,2.26,3,33.678000000000004,69.04,28.6958880796916,30.052029257598218,1.4514971206572655,48.273876742167545,28.793164914407562,30.73148433991117,2.9465156600888345
24/06/19,02:00:00,2,-1.0,2.26,3,33.678000000000004,69.348,28.750631005575542,30.06889007877047,1.451527504058906,48.27551548903271,28.793301706380497,30.731504257001202,2.9464957429988026
24/06/19,03:00:00,3,-1.0,1.04,3,33.391,70.52199999999999,28.695717513125373,29.838161723095812,1.3880782340141933,44.87746769513705,28.625962105713956,30.477493973584025,2.9135060264159747
24/06/19,04:00:00,4,-1.0,1.04,3,33.209,70.855,28.587464410961047,29.6692297676292,1.3478332354133684,42.75323879560876,28.518854581013024,30.31635982650114,2.8926401734988625
24/06/19,05:00:00,5,-1.0,1.04,3,33.001,70.90899999999999,28.406354172523947,29.458487814190573,1.3018403751662997,40.363128398054634,28.395569479566685,30.132169317516624,2.868830682483373
24/06/19,06:00:00,6,-1.0,1.04,3,32.846,71.428,28.353962491619598,29.32687617647203,1.2676364908183715,38.615712244215075,28.303380849301984,29.994935892975867,2.851064107024131
24/06/19,07:00:00,7,-1.0,1.04,3,32.51,73.335,28.369489100426904,29.081338371984682,1.1936187606337472,34.93618869557065,28.102256065776537,29.697421641813673,2.8125783581863244
24/06/19,08:00:00,8,3.04,0.6,3.04,32.098,76.137,28.453446878396676,28.780602183313118,1.1029883913582166,30.650672406557874,27.852801538552722,29.332450383221875,2.765549616778125
24/06/19,09:00:00,9,3.04,0.6,3.04,32.073,75.175,28.271699315564206,28.705998933960718,1.0973928426856818,30.394838931906918,27.837140354214487,29.310244480988903,2.7627555190110984
24/06/19,10:00:00,10,2.26,0.29,2.26,32.098,67.78,27.044413958792347,28.74978955799853,1.1022585866616748,30.617244723555245,27.84971614464393,29.332073026735117,2.765926973264883
24/06/19,11:00:00,11,2.26,0.29,2.26,32.304,67.169,27.12361462828966,28.927653364203703,1.1476248271806082,32.728808344410254,27.97508068681746,29.514620732266355,2.789379267733647
24/06/19,12:00:00,24,2.26,0.29,2.26,32.407,66.755,27.143814187395265,29.010609828408224,1.170303233651407,33.809142685306,28.03741378764845,29.605852212783745,2.8011477872162502
24/06/19,01:00:00,13,-1.0,1.04,3,32.613,68.33,27.605191631683397,28.92266975161169,1.21589945750149,36.028063897424026,28.162406754322927,29.788409494709867,2.824590505290132
24/06/19,02:00:00,14,-1.0,1.04,3,32.742,68.936,27.82774700494423,29.087321806576025,1.2444356347510774,37.44662887730371,28.2401327133446,29.902697020178515,2.839302979821481
24/06/19,03:00:00,15,-1.0,1.04,3,32.898,68.472,27.888113225428924,29.22213460248531,1.2788512693284486,39.185618792580016,28.33322930427726,30.040826495027737,2.857173504972266
24/06/19,04:00:00,16,-1.0,1.04,3,33.053000000000004,69.053,28.13069640701451,29.412325222413674,1.313160991456382,40.94734173026318,28.425697864731386,30.178110108436805,2.8748898915631997
24/06/19,05:00:00,17,-1.0,1.04,3,33.053000000000004,70.796,28.434616475243217,29.505932603428118,1.31332473019599,40.95581202482131,28.426419248051612,30.17820818790331,2.874791812096695
24/06/19,06:00:00,18,-1.0,1.04,3,33.157,69.316,28.271403079920617,29.533142877668748,1.3361843571811314,42.14383261887884,28.487452434662067,30.270223120632924,2.886776879367073
24/06/19,07:00:00,19,-1.0,1.04,3,33.157,72.154,28.764237120274743,29.68493576209782,1.3364531693033983,42.157865781150356,28.48864158824281,30.27038678073874,2.886613219261258
24/06/19,08:00:00,20,-1.0,1.04,3,33.183,74.428,29.176581137619223,29.831307719439923,1.3424205725845704,42.46975322839755,28.50498433307284,30.293543428617294,2.8894565713827043
24/06/19,09:00:00,21,-1.0,1.04,3,33.209,70.641,28.550148184213867,29.657736369791078,1.3478128833797447,42.75217182951979,28.5187643781095,30.31634734098295,2.892652659017053
24/06/19,10:00:00,22,3.0,0.6,3.0,33.079,64.917,27.418167148167072,29.212236210688662,1.3185196206417777,41.224842449134535,28.439408643373632,30.20089752422593,2.878102475774071
24/06/19,11:00:00,23,3.0,0.6,3.0,32.846,62.693999999999996,26.807891146484167,28.85068620217032,1.266829175940301,38.574804770043876,28.299853849920225,29.994467471371188,2.85153252862881
25/06/19,12:00:00,12,3.0,0.6,3.0,32.536,63.831,26.73924573900979,28.598593416668212,1.198499181773281,35.174137436264616,28.114255226378457,29.7199798879796,2.8160201120204
25/06/19,01:00:00,1,1.59,0.09,1.59,32.407,63.685,26.598731281136452,29.230554315892544,1.1700289085806204,33.79597953805721,28.0362377289087,29.605703647030918,2.801296352969079
25/06/19,02:00:00,2,1.59,0.09,1.59,32.381,64.521,26.725132735017723,29.25011596368797,1.1643693714219048,33.52492823943217,28.02080556830055,29.58271130254157,2.7982886974584327
25/06/19,03:00:00,3,2.26,0.29,2.26,32.124,66.275,26.805429329488902,28.695552292173073,1.1078581182538285,30.874184777131532,27.865055681362648,29.355051064943613,2.7689489350563896
25/06/19,04:00:00,4,2.26,0.29,2.26,32.047,67.187,26.89532926022048,28.665876470838388,1.09096898442177,30.102453398530386,27.81828661368938,29.286848931275372,2.7601510687246247
25/06/19,05:00:00,5,2.26,0.29,2.26,32.047,69.027,27.213107001389346,28.763752015118403,1.0911289489598104,30.10971706908552,27.818960988085884,29.286930615231206,2.760069384768789
25/06/19,06:00:00,6,2.26,0.29,2.26,31.893,70.342,27.29747235875243,28.675006545186232,1.0573267498264742,28.594681572793135,27.724900914686803,29.150529818862573,2.742470181137427
25/06/19,07:00:00,7,2.26,0.29,2.26,31.689,71.368,27.284344117359353,28.518983046837167,1.0125107147366166,26.649382136334538,27.599323536042863,28.969775588408446,2.719224411591553
25/06/19,08:00:00,8,2.26,0.29,2.26,31.535,73.061,27.424862824955767,28.447532808776863,0.9787710665247159,25.23438431605136,27.504299392811507,28.833323852377944,2.701676147622054
25/06/19,09:00:00,9,1.04,0.0,1.04,31.281,74.39399999999999,27.4092950326297,29.000342102447135,0.9230172272998042,22.992924188674408,27.346040908374004,28.608098101043883,2.672901898956116
25/06/19,10:00:00,10,2.26,0.29,2.26,31.535,69.943,26.90410020403283,28.287137921532597,0.9785101542104455,25.22361163196942,27.50322859166197,28.833201405073073,2.7017985949269265
25/06/19,11:00:00,11,2.26,0.29,2.26,31.612,65.447,26.20248475065631,28.12840536189263,0.9950709730889604,25.91257039286073,27.549524668880924,28.901287345087592,2.7107126549124048
25/06/19,12:00:00,24,1.59,0.09,1.59,31.97,62.958999999999996,26.08181523171396,28.745779172670414,1.0736448541528674,29.32105275212774,27.769549504717467,29.21844043680141,2.7515595631985885
25/06/19,01:00:00,13,1.59,0.09,1.59,32.278,57.876000000000005,25.423358765347643,28.77243458102959,1.1410696520544963,32.41955216880778,27.955771421302366,29.491148231292375,2.7868517687076255
25/06/19,02:00:00,14,3.04,0.6,3.04,32.073,77.471,28.64801609069724,28.821904500701695,1.0975930076362843,30.40397225637767,27.837986008998765,29.31034767536696,2.76265232463304
25/06/19,03:00:00,15,2.26,0.29,2.26,32.278,70.107,27.60832315213736,29.05757358954879,1.1421520413871187,32.470521895524016,27.960382665127458,29.49172306495118,2.7862769350488166
25/06/19,04:00:00,16,2.26,0.29,2.26,32.407,71.135,27.90182757557858,29.244077951968688,1.1706946837680026,33.82792991038187,28.039092735529064,29.606064416801427,2.8009355831985685
25/06/19,05:00:00,17,2.26,0.29,2.26,32.278,70.046,27.597923437285488,29.054370477374416,1.1421466429154612,32.47026758831109,27.9603596438466,29.491720197720166,2.7862798022798327
25/06/19,06:00:00,18,-1.0,1.04,3,32.665,74.539,28.715415001305246,29.303358549455215,1.2279446259911082,36.624153710978604,28.196134739197888,29.83478737336538,2.8302126266346193
25/06/19,07:00:00,19,-1.0,1.04,3,32.82,74.9,28.91964384244369,29.481736032525856,1.2622130411484866,38.341210105258334,28.289235908528422,29.97209499824308,2.8479050017569203
25/06/19,08:00:00,20,-1.0,1.85,3,32.872,75.12,29.004812062423866,29.546707844279755,1.2737228760431891,38.92462912662217,28.32040931356424,30.018161305373983,2.8538386946260177
25/06/19,09:00:00,21,-1.0,1.85,3,32.613,75.25,28.785860988611034,29.286315913545398,1.2165278534620076,36.05906269739894,28.16512733965148,29.788761670976857,2.824238329023143
25/06/19,10:00:00,22,-1.0,1.04,3,32.536,67.733,27.431381054677047,28.81177109389373,1.1988513259012845,35.191333242535094,28.115773647818603,29.720174570344845,2.8158254296551566
25/06/19,11:00:00,23,2.26,0.29,2.26,32.433,68.237,27.426458432933373,29.117034256033964,1.1761710581911489,34.091251296613166,28.05372572412968,29.628957341585707,2.804042658414292
26/06/19,12:00:00,12,1.59,0.09,1.59,32.201,64.243,26.51524353529379,29.051370090173005,1.1246545691291308,31.651207814738285,27.91129382617309,29.423205425215386,2.777794574784616
26/06/19,01:00:00,1,2.26,0.29,2.26,32.098,65.77600000000001,26.694449847690862,28.64200061177927,1.1020836204137032,30.609233324655136,27.848976910692723,29.331982681923787,2.7660173180762113
26/06/19,02:00:00,2,2.26,0.29,2.26,32.047,67.525,26.95399716720442,28.68394618618945,1.0909983682383808,30.10378759295753,27.818410477797613,29.286863932746467,2.76013606725353
26/06/19,03:00:00,3,2.26,0.29,2.26,31.893,69.458,27.147312316665875,28.628757252223576,1.0572507833116516,28.591322247357255,27.72458306114242,29.15049199939361,2.742508000606394
26/06/19,04:00:00,4,2.26,0.29,2.26,31.765,69.649,27.063404637218696,28.507553686953845,1.0290900419108677,27.360421550459066,27.64572979190437,29.037064776806748,2.727935223193253
26/06/19,05:00:00,5,2.26,0.29,2.26,31.663,69.874,27.008598289196527,28.414683331763015,1.0066635269758195,26.40106420530526,27.5826926141374,28.946669635353295,2.716330364646703
26/06/19,06:00:00,6,1.04,0.0,1.04,31.484,69.59899999999999,26.799585339893497,28.96378651708439,0.9672622175255253,24.761706624098366,27.47135261751934,28.787961817791967,2.696038182208036
26/06/19,07:00:00,7,1.04,0.0,1.04,31.357,70.245,26.7927952616036,28.8670801729711,0.9393855488086021,23.63824747904087,27.3922688311957,28.675354329430277,2.681645670569724
26/06/19,08:00:00,8,1.04,0.0,1.04,31.357,71.21600000000001,26.955219169023053,28.91710673645629,0.9394657260883684,23.641434747072992,27.392594506524148,28.675390789413957,2.681609210586043
26/06/19,09:00:00,9,1.04,0.0,1.04,31.331,70.241,26.768487046177597,28.840223242619892,0.9336685315768808,23.411638929907028,27.37599379212847,28.65229374273706,2.6787062572629394
26/06/19,10:00:00,10,1.04,0.0,1.04,31.281,68.73899999999999,26.46974582194406,28.71096094555596,0.9225529014609556,22.974774305254158,27.34416311721294,28.60788974334097,2.6731102566590312
26/06/19,11:00:00,11,2.26,0.29,2.26,31.51,66.38600000000001,26.273956243412215,28.074428581661447,0.972713237020275,24.984944263511423,27.486449966880347,28.8108932798253,2.6991067201746994
26/06/19,12:00:00,24,1.59,0.09,1.59,31.74,63.825,26.031835752244092,28.559035492993697,1.0230933546745482,27.102060858942735,27.62822625056825,29.014668030784705,2.7253319692152953
26/06/19,01:00:00,13,1.59,0.09,1.59,31.868000000000002,62.599,25.92753147388828,28.622269775260108,1.0511583494155126,28.32258308821085,27.70673666482517,29.12804653399746,2.7399534660025417
26/06/19,02:00:00,14,1.59,0.09,1.59,32.073,63.879,26.336702339516194,28.9010194018735,1.0964083545069765,30.349937654277284,27.832984569905452,29.309737845069236,2.7632621549307634
26/06/19,03:00:00,15,1.59,0.09,1.59,32.278,62.946000000000005,26.351505867940375,29.05830388862815,1.1415182749366555,32.44067327057898,27.95768172763478,29.491386342555984,2.786613657444016
26/06/19,04:00:00,16,1.59,0.09,1.59,32.484,64.84899999999999,26.875340370481013,29.37311491541067,1.1871181048088046,34.62032634529231,28.083260497291388,29.67396961008047,2.8100303899195342
26/06/19,05:00:00,17,-1.0,1.04,3,32.717,68.656,27.756565142607656,29.046772792976352,1.2388894486543511,37.16921040686899,28.225028937321643,29.880540619388576,2.8364593806114233
26/06/19,06:00:00,18,-1.0,1.04,3,32.665,70.908,28.09890719219993,29.113474144250784,1.2276135623870648,36.607716902341586,28.194698107469915,29.834600280413827,2.830399719586173
26/06/19,07:00:00,19,-1.0,1.04,3,32.768,72.05199999999999,28.389486742779127,29.279707645829173,1.2504638462276152,37.7490691089586,28.256959773074726,29.925888343126186,2.8421116568738154
26/06/19,08:00:00,20,-1.0,1.85,3,32.562,75.54,28.78672585302388,29.248587291784556,1.2052952158397008,35.50663017954342,28.134503811903713,29.74359778772902,2.818402212270977
26/06/19,09:00:00,21,2.26,0.29,2.26,31.996,71.42399999999999,27.57479562176252,28.837157110193342,1.080103052265553,29.61112549834614,27.788578111834976,29.241847732835616,2.754152267164381
26/06/19,10:00:00,22,2.26,0.29,2.26,32.15,72.78399999999999,27.9449500288913,29.06589466758901,1.1141601475670797,31.164622166146216,27.883355235727922,29.37839379415995,2.771606205840048
26/06/19,11:00:00,23,2.26,0.29,2.26,32.175,74.656,28.28063751179525,29.18791141232342,1.119837126018657,31.427388667531872,27.899319555776778,29.400640225884587,2.7743597741154113
27/06/19,12:00:00,12,3.04,0.6,3.04,32.124,75.395,28.355383178117393,28.7697685636271,1.108656088420489,30.91088657754335,27.86843306369509,29.355465301480972,2.7685346985190287
27/06/19,01:00:00,1,2.26,0.29,2.26,31.996,74.771,28.133615847263798,29.009273739647735,1.0803929709263966,29.62418155516268,27.789797995285326,29.24199471927218,2.754005280727818
27/06/19,02:00:00,2,2.26,0.29,2.26,31.636999999999997,73.652,27.616773093866186,28.582631171601268,1.001261710752082,26.172805713430392,27.56788701515585,28.923775668748387,2.7132243312516096
27/06/19,03:00:00,3,2.26,0.29,2.26,31.586,73.492,27.54335432746211,28.522023191548815,0.9900278366779376,25.7016544300825,27.536164331861233,28.878560447831155,2.7074395521688435
27/06/19,04:00:00,4,2.26,0.29,2.26,31.535,73.783,27.544023874077027,28.48423441190621,0.9788314877534735,25.23687939403213,27.50454742462961,28.8333522232293,2.7016477767706992
27/06/19,05:00:00,5,1.04,0.0,1.04,31.433000000000003,73.16199999999999,27.347768469267635,29.094631920931626,0.9563407646112495,24.31792198971415,27.44075207632119,28.742869856298828,2.690130143701174
27/06/19,06:00:00,6,1.04,0.0,1.04,31.052,74.14,27.1561700621844,28.751774611549987,0.8726914515773246,21.076558859268275,27.201868329423704,28.405028395559633,2.646971604440366
27/06/19,07:00:00,7,1.47,0.06,1.47,30.925,75.34100000000001,27.23298020265429,28.396511572035717,0.8449037410974976,20.06295233809739,27.12191135110143,28.29243006452022,2.632569935479779
27/06/19,08:00:00,8,1.47,0.06,1.47,30.95,75.763,27.323920810588334,28.443146279279397,0.8504271074587868,20.261876174633457,27.137885586195395,28.31462410505361,2.6353758949463892
27/06/19,09:00:00,9,1.04,0.0,1.04,31.026,73.956,27.102189587215378,28.71577862525953,0.8669679384051634,20.865170062920257,27.185387680070395,28.381966180725783,2.644033819274217
27/06/19,10:00:00,10,1.04,0.0,1.04,31.484,67.918,26.51364398708131,28.875716580418235,0.9671221035720042,24.755983715836123,27.47077943231577,28.787896693994036,2.696103306005968
27/06/19,11:00:00,11,2.26,0.29,2.26,31.586,66.399,26.344593643452527,28.152804900873864,0.9894322473733861,25.67680961350061,27.53371274554495,28.878279214140036,2.7077207858599603
27/06/19,12:00:00,24,1.59,0.09,1.59,31.816,63.9,26.112421264998716,28.640475830922117,1.0398244020300809,27.826210103118783,27.675166985709527,29.08202231171811,2.7339776882818896
27/06/19,01:00:00,13,1.59,0.09,1.59,32.021,61.998000000000005,25.954557207938763,28.744578701347653,1.0847920315323545,29.82264604749473,27.800466042888203,29.263584021419746,2.7574159785802568
27/06/19,02:00:00,14,2.26,0.29,2.26,32.355,66.191,26.997962416430596,28.92694748295111,1.1587842559941905,33.25840996161821,28.00567606437353,29.559757808816222,2.7952421911837737
27/06/19,03:00:00,15,-1.0,1.04,3,32.768,65.579,27.259142276125942,28.93156155009999,1.2498690653787647,37.71918666048744,28.254368935114645,29.925547174207374,2.8424528257926256
27/06/19,04:00:00,16,-1.0,1.04,3,32.768,65.579,27.259142276125942,28.93156155009999,1.2498690653787647,37.71918666048744,28.254368935114645,29.925547174207374,2.8424528257926256
0,133,284,56
