Plot Title: hum bld 5 in,,,,,,,
#,"Date Time, GMT+05:30","Temp, °C (LGR S/N: 10357510, SEN S/N: 10357510)","RH, % (LGR S/N: 10357510, SEN S/N: 10357510)","Intensity, Lux (LGR S/N: 10357510, SEN S/N: 10357510)","Temp, °C (LGR S/N: 10357510, SEN S/N: 10357510)",,
1,06-01-2019 00:00,34.624,61.94,3.9,35.022,,33.124
2,06-01-2019 01:00,34.36,61.709,11.8,34.889,,32.86
3,06-01-2019 02:00,34.387,61.081,11.8,34.73,,32.887
4,06-01-2019 03:00,34.308,61.669,3.9,34.572,,32.808
5,06-01-2019 04:00,34.097,62.297,3.9,34.387,,32.597
6,06-01-2019 05:00,33.94,62.807,3.9,34.202,,32.44
7,06-01-2019 06:00,33.809,63.1,3.9,34.045,,32.309
8,06-01-2019 07:00,33.469,62.7,11.8,33.861,,31.969
9,06-01-2019 08:00,33.339,61.674,27.6,33.704,,31.839
10,06-01-2019 09:00,33.235,61.657,35.5,33.574,,31.735
11,06-01-2019 10:00,33.548,60.413,43.4,33.548,,32.048
12,06-01-2019 11:00,34.229,57.751,51.2,33.678,,32.729
13,06-01-2019 12:00,34.624,55.596,43.4,33.835,,33.124
14,06-01-2019 13:00,35.049,52.124,43.4,34.045,,33.549
15,06-01-2019 14:00,34.572,59.619,11.8,34.097,,33.072
16,06-01-2019 15:00,34.704,58.077,27.6,34.281,,33.204
17,06-01-2019 16:00,34.677,62.894,19.7,34.492,,33.177
18,06-01-2019 17:00,34.969,62.783,11.8,34.704,,33.469
19,06-01-2019 18:00,34.995,65.204,11.8,34.916,,33.495
20,06-01-2019 19:00,35.395,64.268,11.8,35.102,,33.895
21,06-01-2019 20:00,35.555,63.98,11.8,35.262,,34.055
22,06-01-2019 21:00,35.662,63.997,3.9,35.342,,34.162
23,06-01-2019 22:00,35.208,61.653,3.9,35.315,,33.708
24,06-01-2019 23:00,34.916,62.049,3.9,35.235,,33.416
25,06-02-2019 00:00,34.863,62.892,3.9,35.128,,33.363
26,06-02-2019 01:00,34.624,63.577,3.9,34.969,,33.124
27,06-02-2019 02:00,34.387,63.726,3.9,34.81,,32.887
28,06-02-2019 03:00,34.176,63.661,11.8,34.624,,32.676
29,06-02-2019 04:00,34.019,63.761,3.9,34.466,,32.519
30,06-02-2019 05:00,33.914,63.775,3.9,34.281,,32.414
31,06-02-2019 06:00,33.704,64.241,11.8,34.071,,32.204
32,06-02-2019 07:00,33.365,65.742,11.8,33.887,,31.865
33,06-02-2019 08:00,33.313,66.26,27.6,33.73,,31.813
34,06-02-2019 09:00,33.183,65.773,35.5,33.626,,31.683
35,06-02-2019 10:00,33.495,63.707,27.6,33.574,,31.995
36,06-02-2019 11:00,33.966,59.876,27.6,33.652,,32.466
37,06-02-2019 12:00,34.598,56.877,43.4,33.861,,33.098
38,06-02-2019 13:00,35.315,52.583,43.4,34.15,,33.815
39,06-02-2019 14:00,35.797,51.504,43.4,34.387,,34.297
40,06-02-2019 15:00,36.281,53.723,19.7,34.651,,34.781
41,06-02-2019 16:00,36.633,48.354,51.2,34.995,,35.133
42,06-02-2019 17:00,35.368,59.581,19.7,35.128,,33.868
43,06-02-2019 18:00,35.102,58.68,11.8,35.342,,33.602
44,06-02-2019 19:00,34.916,54.766,11.8,35.555,,33.416
45,06-02-2019 20:00,35.022,52.706,3.9,35.743,,33.522
46,06-02-2019 21:00,34.942,53.604,11.8,35.823,,33.442
47,06-02-2019 22:00,35.049,54.493,11.8,35.85,,33.549
48,06-02-2019 23:00,34.836,53.752,3.9,35.797,,33.336
49,06-03-2019 00:00,34.783,53.356,11.8,35.689,,33.283
50,06-03-2019 01:00,34.704,53.766,11.8,35.555,,33.204
51,06-03-2019 02:00,34.572,54.362,3.9,35.368,,33.072
52,06-03-2019 03:00,34.413,54.824,11.8,35.182,,32.913
53,06-03-2019 04:00,34.281,54.999,11.8,34.995,,32.781
54,06-03-2019 05:00,34.071,54.938,11.8,34.783,,32.571
55,06-03-2019 06:00,33.966,55.116,3.9,34.572,,32.466
56,06-03-2019 07:00,33.73,56.303,11.8,34.387,,32.23
57,06-03-2019 08:00,33.652,57.379,74.9,34.229,,32.152
58,06-03-2019 09:00,33.678,56.359,74.9,34.097,,32.178
59,06-03-2019 10:00,33.966,56.208,90.7,34.019,,32.466
60,06-03-2019 11:00,34.863,52.977,106.4,34.097,,33.363
61,06-03-2019 12:00,35.155,51.126,114.3,34.255,,33.655
62,06-03-2019 13:00,34.942,56.51,98.5,34.308,,33.442
63,06-03-2019 14:00,34.334,58.915,90.7,34.334,,32.834
64,06-03-2019 15:00,34.176,61.459,82.8,34.519,,32.676
65,06-03-2019 16:00,34.492,59.194,74.9,34.757,,32.992
66,06-03-2019 17:00,34.466,61.473,27.6,35.022,,32.966
67,06-03-2019 18:00,34.176,70.663,11.8,35.182,,32.676
68,06-03-2019 19:00,34.071,71.439,11.8,35.368,,32.571
69,06-03-2019 20:00,33.887,70.336,3.9,35.448,,32.387
70,06-03-2019 21:00,34.15,66.806,11.8,35.529,,32.65
71,06-03-2019 22:00,34.545,66.656,3.9,35.582,,33.045
72,06-03-2019 23:00,34.387,67.095,3.9,35.529,,32.887
73,06-04-2019 00:00,34.44,66.265,11.8,35.422,,32.94
74,06-04-2019 01:00,34.387,65.197,3.9,35.288,,32.887
75,06-04-2019 02:00,34.176,64.881,11.8,35.128,,32.676
76,06-04-2019 03:00,33.992,65.069,3.9,34.969,,32.492
77,06-04-2019 04:00,33.966,65.033,11.8,34.783,,32.466
78,06-04-2019 05:00,33.887,65.612,11.8,34.598,,32.387
79,06-04-2019 06:00,33.704,65.737,11.8,34.413,,32.204
80,06-04-2019 07:00,33.443,65.102,27.6,34.202,,31.943
81,06-04-2019 08:00,32.768,65.269,67,33.887,,31.268
82,06-04-2019 09:00,33.443,60.176,90.7,33.861,,31.943
83,06-04-2019 10:00,34.387,56.975,98.5,33.914,,32.887
84,06-04-2019 11:00,35.235,54.293,98.5,34.019,,33.735
85,06-04-2019 12:00,34.783,59.842,106.4,34.045,,33.283
86,06-04-2019 13:00,35.022,58.668,98.5,34.124,,33.522
87,06-04-2019 14:00,34.81,58.253,90.7,34.308,,33.31
88,06-04-2019 15:00,34.757,59.616,67,34.519,,33.257
89,06-04-2019 16:00,34.071,62.828,59.1,34.704,,32.571
90,06-04-2019 17:00,34.466,62.009,19.7,34.995,,32.966
91,06-04-2019 18:00,34.492,66.398,11.8,35.262,,32.992
92,06-04-2019 19:00,34.519,66.434,11.8,35.475,,33.019
93,06-04-2019 20:00,34.492,64.496,3.9,35.636,,32.992
94,06-04-2019 21:00,34.492,65.682,11.8,35.689,,32.992
95,06-04-2019 22:00,34.73,66.065,11.8,35.743,,33.23
96,06-04-2019 23:00,34.545,63.909,11.8,35.689,,33.045
97,06-05-2019 00:00,34.36,62.245,3.9,35.582,,32.86
98,06-05-2019 01:00,33.992,60.102,11.8,35.395,,32.492
99,06-05-2019 02:00,33.914,59.9,11.8,35.208,,32.414
100,06-05-2019 03:00,34.019,60.423,3.9,35.049,,32.519
101,06-05-2019 04:00,33.914,61.007,11.8,34.863,,32.414
102,06-05-2019 05:00,33.574,62.528,3.9,34.651,,32.074
103,06-05-2019 06:00,33.548,63.026,11.8,34.44,,32.048
104,06-05-2019 07:00,33.469,63.076,27.6,34.255,,31.969
105,06-05-2019 08:00,33.287,62.294,43.4,34.071,,31.787
106,06-05-2019 09:00,33.443,62.507,90.7,33.966,,31.943
107,06-05-2019 10:00,33.809,58.677,98.5,33.887,,32.309
108,06-05-2019 11:00,34.281,56.607,106.4,33.887,,32.781
109,06-05-2019 12:00,34.097,62.832,114.3,33.887,,32.597
110,06-05-2019 13:00,34.071,63.675,106.4,33.94,,32.571
111,06-05-2019 14:00,34.071,63.048,82.8,34.071,,32.571
112,06-05-2019 15:00,33.835,63.699,67,34.202,,32.335
113,06-05-2019 16:00,33.652,65.292,51.2,34.387,,32.152
114,06-05-2019 17:00,33.443,69.244,19.7,34.572,,31.943
115,06-05-2019 18:00,33.469,70.352,11.8,34.757,,31.969
116,06-05-2019 19:00,33.548,68.986,3.9,34.942,,32.048
117,06-05-2019 20:00,34.071,69.171,11.8,35.182,,32.571
118,06-05-2019 21:00,34.176,67.771,3.9,35.262,,32.676
119,06-05-2019 22:00,33.992,64.726,11.8,35.262,,32.492
120,06-05-2019 23:00,33.966,62.214,3.9,35.182,,32.466
121,06-06-2019 00:00,34.019,58.995,11.8,35.075,,32.519
122,06-06-2019 01:00,33.887,58.593,11.8,34.942,,32.387
123,06-06-2019 02:00,33.757,58.987,11.8,34.757,,32.257
124,06-06-2019 03:00,33.6,60.01,3.9,34.572,,32.1
125,06-06-2019 04:00,33.469,60.527,3.9,34.387,,31.969
126,06-06-2019 05:00,33.417,61.245,3.9,34.202,,31.917
127,06-06-2019 06:00,33.209,62.062,11.8,33.992,,31.709
128,06-06-2019 07:00,32.898,63.89,27.6,33.783,,31.398
129,06-06-2019 08:00,32.846,63.601,74.9,33.6,,31.346
130,06-06-2019 09:00,33.027,62.441,82.8,33.469,,31.527
131,06-06-2019 10:00,33.417,60.33,90.7,33.417,,31.917
132,06-06-2019 11:00,33.704,63.114,90.7,33.443,,32.204
133,06-06-2019 12:00,33.783,62.467,98.5,33.443,,32.283
134,06-06-2019 13:00,34.019,63.447,98.5,33.6,,32.519
135,06-06-2019 14:00,33.992,67.12,82.8,33.757,,32.492
136,06-06-2019 15:00,33.704,68.368,74.9,33.94,,32.204
137,06-06-2019 16:00,33.626,69.031,43.4,34.15,,32.126
138,06-06-2019 17:00,33.548,69.754,19.7,34.413,,32.048
139,06-06-2019 18:00,33.574,69.513,11.8,34.651,,32.074
140,06-06-2019 19:00,33.704,69.444,3.9,34.863,,32.204
141,06-06-2019 20:00,33.73,69.111,11.8,35.022,,32.23
142,06-06-2019 21:00,33.73,67.323,11.8,35.075,,32.23
143,06-06-2019 22:00,33.73,67.199,11.8,35.075,,32.23
144,06-06-2019 23:00,33.835,68.945,3.9,35.022,,32.335
145,06-07-2019 00:00,33.626,67.675,3.9,34.916,,32.126
146,06-07-2019 01:00,33.626,67.428,3.9,34.783,,32.126
147,06-07-2019 02:00,33.495,67.838,3.9,34.598,,31.995
148,06-07-2019 03:00,33.313,68.453,11.8,34.413,,31.813
149,06-07-2019 04:00,33.183,68.891,3.9,34.229,,31.683
150,06-07-2019 05:00,33.105,69.338,11.8,34.045,,31.605
151,06-07-2019 06:00,33.001,69.901,11.8,33.861,,31.501
152,06-07-2019 07:00,32.794,71.449,19.7,33.678,,31.294
153,06-07-2019 08:00,32.82,71.028,67,33.521,,31.32
154,06-07-2019 09:00,33.027,68.311,74.9,33.417,,31.527
155,06-07-2019 10:00,33.469,65.635,82.8,33.365,,31.969
156,06-07-2019 11:00,34.202,62.597,90.7,33.443,,32.702
157,06-07-2019 12:00,34.387,65.103,106.4,33.521,,32.887
158,06-07-2019 13:00,33.94,67.451,90.7,33.548,,32.44
159,06-07-2019 14:00,33.626,67.984,98.5,33.626,,32.126
160,06-07-2019 15:00,33.835,69.56,67,33.809,,32.335
161,06-07-2019 16:00,33.521,72.799,51.2,34.019,,32.021
162,06-07-2019 17:00,33.495,73.581,11.8,34.229,,31.995
163,06-07-2019 18:00,33.339,71.975,11.8,34.413,,31.839
164,06-07-2019 19:00,33.521,69.902,11.8,34.598,,32.021
165,06-07-2019 20:00,33.704,69.966,3.9,34.757,,32.204
166,06-07-2019 21:00,33.835,68.699,3.9,34.863,,32.335
167,06-07-2019 22:00,33.704,66.699,11.8,34.836,,32.204
168,06-07-2019 23:00,33.757,65.777,3.9,34.783,,32.257
169,06-08-2019 00:00,33.626,66.127,3.9,34.677,,32.126
170,06-08-2019 01:00,33.521,66.946,11.8,34.545,,32.021
171,06-08-2019 02:00,33.443,67.458,11.8,34.387,,31.943
172,06-08-2019 03:00,33.365,67.723,11.8,34.229,,31.865
173,06-08-2019 04:00,33.209,68.127,11.8,34.045,,31.709
174,06-08-2019 05:00,33.209,68.127,3.9,33.887,,31.709
175,06-08-2019 06:00,33.079,68.32,11.8,33.704,,31.579
176,06-08-2019 07:00,32.924,68.784,19.7,33.548,,31.424
177,06-08-2019 08:00,32.768,63.557,59.1,33.365,,31.268
178,06-08-2019 09:00,33.001,59.697,74.9,33.261,,31.501
179,06-08-2019 10:00,34.097,54.167,90.7,33.313,,32.597
180,06-08-2019 11:00,35.128,50.632,98.5,33.495,,33.628
181,06-08-2019 12:00,35.422,48.995,98.5,33.626,,33.922
182,06-08-2019 13:00,35.985,47.314,90.7,33.887,,34.485
183,06-08-2019 14:00,35.985,52.15,90.7,34.097,,34.485
184,06-08-2019 15:00,34.704,57.693,51.2,34.202,,33.204
185,06-08-2019 16:00,34.097,66.704,98.5,34.387,,32.597
186,06-08-2019 17:00,33.809,67.367,43.4,34.598,,32.309
187,06-08-2019 18:00,33.704,67.843,11.8,34.836,,32.204
188,06-08-2019 19:00,33.521,69.596,11.8,35.022,,32.021
189,06-08-2019 20:00,33.287,71.387,11.8,35.128,,31.787
190,06-08-2019 21:00,33.678,67.993,11.8,35.235,,32.178
191,06-08-2019 22:00,33.6,64.567,11.8,35.208,,32.1
192,06-08-2019 23:00,33.443,66.034,11.8,35.155,,31.943
193,06-09-2019 00:00,33.235,67.515,3.9,35.022,,31.735
194,06-09-2019 01:00,33.131,67.528,3.9,34.863,,31.631
195,06-09-2019 02:00,32.949,66.91,11.8,34.677,,31.449
196,06-09-2019 03:00,32.794,65.925,11.8,34.492,,31.294
197,06-09-2019 04:00,32.639,65.558,3.9,34.308,,31.139
198,06-09-2019 05:00,32.536,65.261,11.8,34.097,,31.036
199,06-09-2019 06:00,32.33,64.544,11.8,33.914,,30.83
200,06-09-2019 07:00,32.201,63.776,51.2,33.757,,30.701
201,06-09-2019 08:00,32.458,62.694,193.2,33.626,,30.958
202,06-09-2019 09:00,33.053,60.747,201,33.495,,31.553
203,06-09-2019 10:00,34.019,57.752,169.5,33.548,,32.519
204,06-09-2019 11:00,34.916,54.96,177.4,33.626,,33.416
205,06-09-2019 12:00,35.582,51.444,185.3,33.835,,34.082
206,06-09-2019 13:00,36.417,47.3,185.3,34.124,,34.917
207,06-09-2019 14:00,36.254,48.506,177.4,34.36,,34.754
208,06-09-2019 15:00,36.769,46.013,153.7,34.783,,35.269
209,06-09-2019 16:00,36.796,44.914,98.5,35.128,,35.296
210,06-09-2019 17:00,36.742,48.467,35.5,35.448,,35.242
211,06-09-2019 18:00,35.208,59.27,11.8,35.555,,33.708
212,06-09-2019 19:00,34.783,61.902,11.8,35.77,,33.283
213,06-09-2019 20:00,34.783,60.446,11.8,35.931,,33.283
214,06-09-2019 21:00,34.492,59.416,11.8,36.012,,32.992
215,06-09-2019 22:00,34.387,59.273,3.9,36.012,,32.887
216,06-09-2019 23:00,34.202,59.372,11.8,35.985,,32.702
217,06-10-2019 00:00,34.281,58.014,11.8,35.877,,32.781
218,06-10-2019 01:00,34.097,57.859,11.8,35.743,,32.597
219,06-10-2019 02:00,34.071,56.544,11.8,35.582,,32.571
220,06-10-2019 03:00,33.757,54.636,11.8,35.395,,32.257
221,06-10-2019 04:00,33.548,54.445,11.8,35.155,,32.048
222,06-10-2019 05:00,33.443,54.592,3.9,34.942,,31.943
223,06-10-2019 06:00,33.079,55.921,11.8,34.73,,31.579
224,06-10-2019 07:00,32.898,57.682,51.2,34.492,,31.398
225,06-10-2019 08:00,33.027,57.828,145.8,34.308,,31.527
226,06-10-2019 09:00,33.313,56.594,185.3,34.097,,31.813
227,06-10-2019 10:00,33.861,55.23,90.7,34.019,,32.361
228,06-10-2019 11:00,34.124,53.912,208.9,34.019,,32.624
229,06-10-2019 12:00,34.81,52.84,138,34.176,,33.31
230,06-10-2019 13:00,35.395,50.404,185.3,34.36,,33.895
231,06-10-2019 14:00,35.85,50.365,145.8,34.598,,34.35
232,06-10-2019 15:00,35.931,48.96,130.1,34.889,,34.431
233,06-10-2019 16:00,36.362,46.497,98.5,35.208,,34.862
234,06-10-2019 17:00,36.715,41.545,35.5,35.529,,35.215
235,06-10-2019 18:00,36.227,43.477,11.8,35.716,,34.727
236,06-10-2019 19:00,35.743,46.556,11.8,35.877,,34.243
237,06-10-2019 20:00,35.288,45.139,11.8,35.985,,33.788
238,06-10-2019 21:00,35.128,46.383,11.8,36.039,,33.628
239,06-10-2019 22:00,34.995,47.425,3.9,36.092,,33.495
240,06-10-2019 23:00,34.81,47.832,11.8,36.065,,33.31
241,06-11-2019 00:00,34.598,47.938,11.8,35.958,,33.098
242,06-11-2019 01:00,34.387,46.559,11.8,35.823,,32.887
243,06-11-2019 02:00,34.176,46.699,11.8,35.662,,32.676
244,06-11-2019 03:00,34.045,48.1,3.9,35.502,,32.545
245,06-11-2019 04:00,33.678,50.607,3.9,35.315,,32.178
246,06-11-2019 05:00,33.469,52.756,11.8,35.102,,31.969
247,06-11-2019 06:00,33.053,54.376,11.8,34.889,,31.553
248,06-11-2019 07:00,32.898,56.087,67,34.677,,31.398
249,06-11-2019 08:00,33.001,56.197,342.9,34.492,,31.501
250,06-11-2019 09:00,33.626,54.295,279.9,34.36,,32.126
251,06-11-2019 10:00,34.097,52.549,224.7,34.308,,32.597
252,06-11-2019 11:00,35.288,49.242,193.2,34.387,,33.788
253,06-11-2019 12:00,35.904,47.371,201,34.519,,34.404
254,06-11-2019 13:00,36.362,45.131,193.2,34.783,,34.862
255,06-11-2019 14:00,36.824,43.778,303.5,35.102,,35.324
256,06-11-2019 15:00,37.315,40.12,201,35.529,,35.815
257,06-11-2019 16:00,37.508,39.392,153.7,35.931,,36.008
258,06-11-2019 17:00,37.069,41.719,90.7,36.2,,35.569
259,06-11-2019 18:00,36.96,42.179,11.8,36.444,,35.46
260,06-11-2019 19:00,36.444,44.037,11.8,36.633,,34.944
261,06-11-2019 20:00,35.931,45.481,11.8,36.796,,34.431
262,06-11-2019 21:00,35.689,46.582,11.8,36.878,,34.189
263,06-11-2019 22:00,35.262,46.2,11.8,36.878,,33.762
264,06-11-2019 23:00,34.889,47.446,11.8,36.824,,33.389
265,06-12-2019 00:00,34.598,48.102,11.8,36.715,,33.098
266,06-12-2019 01:00,34.202,48.973,3.9,36.552,,32.702
267,06-12-2019 02:00,33.94,50.053,11.8,36.362,,32.44
268,06-12-2019 03:00,33.783,51.792,3.9,36.2,,32.283
269,06-12-2019 04:00,33.652,52.91,11.8,36.012,,32.152
270,06-12-2019 05:00,33.73,53.503,11.8,35.823,,32.23
271,06-12-2019 06:00,33.861,53.779,11.8,35.636,,32.361
272,06-12-2019 07:00,33.469,55.496,74.9,35.422,,31.969
273,06-12-2019 08:00,33.626,55.325,374.5,35.235,,32.126
274,06-12-2019 09:00,34.308,53.161,295.6,35.102,,32.808
275,06-12-2019 10:00,35.128,50.665,272,35.049,,33.628
276,06-12-2019 11:00,35.931,47.573,256.2,35.102,,34.431
277,06-12-2019 12:00,36.254,47.314,153.7,35.235,,34.754
278,06-12-2019 13:00,36.851,44.82,303.5,35.475,,35.351
279,06-12-2019 14:00,35.102,53.756,106.4,35.448,,33.602
280,06-12-2019 15:00,35.716,54.878,240.5,35.662,,34.216
281,06-12-2019 16:00,37.261,43.525,177.4,36.119,,35.761
282,06-12-2019 17:00,37.288,43.057,90.7,36.417,,35.788
283,06-12-2019 18:00,36.824,44.315,19.7,36.661,,35.324
284,06-12-2019 19:00,36.471,46.21,11.8,36.851,,34.971
285,06-12-2019 20:00,36.2,48.102,11.8,37.015,,34.7
286,06-12-2019 21:00,35.958,48.568,11.8,37.096,,34.458
287,06-12-2019 22:00,35.743,49.233,11.8,37.151,,34.243
288,06-12-2019 23:00,35.636,49.516,11.8,37.124,,34.136
289,06/13/19 12:00:00 AM,35.529,49.864,11.8,37.069,,34.029
290,06/13/19 01:00:00 AM,35.022,50.814,11.8,36.933,,33.522
291,06/13/19 02:00:00 AM,34.783,51.795,11.8,36.769,,33.283
292,06/13/19 03:00:00 AM,34.863,52.066,11.8,36.633,,33.363
293,06/13/19 04:00:00 AM,34.598,52.941,3.9,36.444,,33.098
294,06/13/19 05:00:00 AM,34.229,53.733,11.8,36.227,,32.729
295,06/13/19 06:00:00 AM,33.835,53.582,11.8,36.012,,32.335
296,06/13/19 07:00:00 AM,33.678,53.689,74.9,35.77,,32.178
297,06/13/19 08:00:00 AM,33.757,54.861,311.4,35.395,,32.257
298,06/13/19 09:00:00 AM,34.572,52.84,311.4,35.315,,33.072
299,06/13/19 10:00:00 AM,35.342,50.528,279.9,35.315,,33.842
300,06/13/19 11:00:00 AM,36.254,47.38,272,35.395,,34.754
301,06/13/19 12:00:00 PM,36.878,44.923,193.2,35.529,,35.378
302,06/13/19 01:00:00 PM,37.233,42.647,303.5,35.716,,35.733
303,06/13/19 02:00:00 PM,37.206,46.997,232.6,35.931,,35.706
304,06/13/19 03:00:00 PM,34.572,61.963,122.2,35.823,,33.072
305,06/13/19 04:00:00 PM,34.73,63.248,74.9,36.039,,33.23
306,06/13/19 05:00:00 PM,34.124,65.153,27.6,36.254,,32.624
307,06/13/19 06:00:00 PM,33.313,56.434,11.8,36.417,,31.813
308,06/13/19 07:00:00 PM,33.313,58.412,11.8,36.606,,31.813
309,06/13/19 08:00:00 PM,33.157,61.267,11.8,36.688,,31.657
310,06/13/19 09:00:00 PM,32.691,64.79,3.9,36.661,,31.191
311,06/13/19 10:00:00 PM,31.97,61.99,3.9,36.471,,30.47
312,06/13/19 11:00:00 PM,32.924,59.21,3.9,36.335,,31.424
313,06/14/19 12:00:00 AM,32.794,59.538,3.9,36.119,,31.294
314,06/14/19 01:00:00 AM,32.613,60.584,3.9,35.823,,31.113
315,06/14/19 02:00:00 AM,32.691,61.666,3.9,35.529,,31.191
316,06/14/19 03:00:00 AM,32.742,63.115,3.9,35.235,,31.242
317,06/14/19 04:00:00 AM,32.562,63.086,11.8,34.942,,31.062
318,06/14/19 05:00:00 AM,32.562,64.178,11.8,34.704,,31.062
319,06/14/19 06:00:00 AM,32.51,64.947,3.9,34.413,,31.01
320,06/14/19 07:00:00 AM,32.613,64.248,43.4,34.202,,31.113
321,06/14/19 08:00:00 AM,32.665,62.633,208.9,34.019,,31.165
322,06/14/19 09:00:00 AM,33.053,60.274,287.8,33.861,,31.553
323,06/14/19 10:00:00 AM,33.914,54.851,256.2,33.809,,32.414
324,06/14/19 11:00:00 AM,34.704,53.539,232.6,33.887,,33.204
325,06/14/19 12:00:00 PM,35.102,53.074,122.2,33.992,,33.602
326,06/14/19 01:00:00 PM,35.689,50.409,279.9,34.229,,34.189
327,06/14/19 02:00:00 PM,36.065,45.996,303.5,34.466,,34.565
328,06/14/19 03:00:00 PM,36.012,49.728,82.8,34.783,,34.512
329,06/14/19 04:00:00 PM,35.877,51.482,193.2,35.102,,34.377
330,06/14/19 05:00:00 PM,34.36,63.094,90.7,35.288,,32.86
331,06/14/19 06:00:00 PM,33.678,67.375,11.8,35.529,,32.178
332,06/14/19 07:00:00 PM,33.443,67.088,3.9,35.743,,31.943
333,06/14/19 08:00:00 PM,33.339,69.195,3.9,35.904,,31.839
334,06/14/19 09:00:00 PM,33.626,69.86,3.9,36.039,,32.126
335,06/14/19 10:00:00 PM,33.417,63.256,11.8,36.039,,31.917
336,06/14/19 11:00:00 PM,33.443,64.479,11.8,35.985,,31.943
337,06/15/19 12:00:00 AM,33.365,63.904,11.8,35.877,,31.865
338,06/15/19 01:00:00 AM,33.365,62.746,11.8,35.743,,31.865
339,06/15/19 02:00:00 AM,33.287,62.765,11.8,35.582,,31.787
340,06/15/19 03:00:00 AM,33.443,62.539,3.9,35.395,,31.943
341,06/15/19 04:00:00 AM,33.209,62.313,11.8,35.208,,31.709
342,06/15/19 05:00:00 AM,33.079,61.003,3.9,34.995,,31.579
343,06/15/19 06:00:00 AM,32.975,60.64,3.9,34.783,,31.475
344,06/15/19 07:00:00 AM,33.001,59.95,90.7,34.572,,31.501
345,06/15/19 08:00:00 AM,33.157,58.484,350.8,34.413,,31.657
346,06/15/19 09:00:00 AM,33.966,53.664,303.5,34.281,,32.466
347,06/15/19 10:00:00 AM,34.969,47.884,279.9,34.308,,33.469
348,06/15/19 11:00:00 AM,35.823,45.868,264.1,34.413,,34.323
349,06/15/19 12:00:00 PM,36.227,44.046,240.5,34.598,,34.727
350,06/15/19 01:00:00 PM,35.636,46.078,11.8,34.81,,34.136
351,06/15/19 02:00:00 PM,36.2,42.433,43.4,35.155,,34.7
352,06/15/19 03:00:00 PM,35.475,53.255,35.5,35.182,,33.975
353,06/15/19 04:00:00 PM,35.502,59.793,27.6,35.395,,34.002
354,06/15/19 05:00:00 PM,35.636,61.244,11.8,35.609,,34.136
355,06/15/19 06:00:00 PM,35.555,61.2,11.8,35.85,,34.055
356,06/15/19 07:00:00 PM,35.743,61.451,11.8,36.039,,34.243
357,06/15/19 08:00:00 PM,35.716,62.808,11.8,36.173,,34.216
358,06/15/19 09:00:00 PM,36.227,61.05,11.8,36.308,,34.727
359,06/15/19 10:00:00 PM,36.146,58.612,11.8,36.308,,34.646
360,06/15/19 11:00:00 PM,35.582,58.335,11.8,36.2,,34.082
361,06/16/19 12:00:00 AM,35.315,60.114,11.8,36.065,,33.815
362,06/16/19 01:00:00 AM,35.235,60.515,3.9,35.877,,33.735
363,06/16/19 02:00:00 AM,35.128,59.194,11.8,35.716,,33.628
364,06/16/19 03:00:00 AM,35.022,58.06,11.8,35.502,,33.522
365,06/16/19 04:00:00 AM,34.889,57.881,11.8,35.288,,33.389
366,06/16/19 05:00:00 AM,34.677,57.945,11.8,35.102,,33.177
367,06/16/19 06:00:00 AM,34.466,57.754,3.9,34.889,,32.966
368,06/16/19 07:00:00 AM,34.202,57.364,19.7,34.677,,32.702
369,06/16/19 08:00:00 AM,33.914,56.201,51.2,34.492,,32.414
370,06/16/19 09:00:00 AM,34.045,53.481,51.2,34.36,,32.545
371,06/16/19 10:00:00 AM,34.492,50.909,51.2,34.36,,32.992
372,06/16/19 11:00:00 AM,35.075,48.293,51.2,34.466,,33.575
373,06/16/19 12:00:00 PM,35.555,46.5,51.2,34.598,,34.055
374,06/16/19 01:00:00 PM,36.065,43.492,67,34.81,,34.565
375,06/16/19 02:00:00 PM,37.015,45.741,106.4,35.102,,35.515
376,06/16/19 03:00:00 PM,35.743,53.584,35.5,35.208,,34.243
377,06/16/19 04:00:00 PM,35.582,56.248,67,35.395,,34.082
378,06/16/19 05:00:00 PM,35.208,61.463,43.4,35.609,,33.708
379,06/16/19 06:00:00 PM,34.942,63.723,11.8,35.797,,33.442
380,06/16/19 07:00:00 PM,34.916,62.995,11.8,35.985,,33.416
381,06/16/19 08:00:00 PM,34.836,62.226,11.8,36.119,,33.336
382,06/16/19 09:00:00 PM,34.916,63.718,11.8,36.2,,33.416
383,06/16/19 10:00:00 PM,35.102,62.836,3.9,36.227,,33.602
384,06/16/19 11:00:00 PM,34.916,59.703,11.8,36.119,,33.416
385,06/17/19 12:00:00 AM,34.704,61.194,11.8,35.985,,33.204
386,06/17/19 01:00:00 AM,34.519,61.892,11.8,35.823,,33.019
387,06/17/19 02:00:00 AM,34.492,60.21,3.9,35.636,,32.992
388,06/17/19 03:00:00 AM,34.387,60.099,3.9,35.448,,32.887
389,06/17/19 04:00:00 AM,34.387,59.591,11.8,35.262,,32.887
390,06/17/19 05:00:00 AM,34.202,59.658,3.9,35.049,,32.702
391,06/17/19 06:00:00 AM,34.097,57.828,11.8,34.836,,32.597
392,06/17/19 07:00:00 AM,33.861,55.616,27.6,34.624,,32.361
393,06/17/19 08:00:00 AM,33.757,53.894,90.7,34.466,,32.257
394,06/17/19 09:00:00 AM,34.097,46.887,145.8,34.36,,32.597
395,06/17/19 10:00:00 AM,34.81,44.352,153.7,34.36,,33.31
396,06/17/19 11:00:00 AM,35.342,42.506,169.5,34.44,,33.842
397,06/17/19 12:00:00 PM,35.904,40.818,130.1,34.572,,34.404
398,06/17/19 01:00:00 PM,36.362,38.051,122.2,34.783,,34.862
399,06/17/19 02:00:00 PM,36.417,37.068,82.8,35.049,,34.917
400,06/17/19 03:00:00 PM,37.288,34.646,67,35.422,,35.788
401,06/17/19 04:00:00 PM,36.633,42.951,43.4,35.636,,35.133
402,06/17/19 05:00:00 PM,35.475,54.326,19.7,35.743,,33.975
403,06/17/19 06:00:00 PM,35.128,54.181,11.8,35.877,,33.628
404,06/17/19 07:00:00 PM,34.783,63.54,11.8,36.012,,33.283
405,06/17/19 08:00:00 PM,35.049,64.085,11.8,36.173,,33.549
406,06/17/19 09:00:00 PM,35.182,63.573,11.8,36.281,,33.682
407,06/17/19 10:00:00 PM,34.836,65.646,11.8,36.254,,33.336
408,06/17/19 11:00:00 PM,34.81,65.298,11.8,36.2,,33.31
409,06/18/19 12:00:00 AM,34.757,61.771,3.9,36.092,,33.257
410,06/18/19 01:00:00 AM,34.73,60.469,3.9,35.958,,33.23
411,06/18/19 02:00:00 AM,34.519,60.532,3.9,35.797,,33.019
412,06/18/19 03:00:00 AM,34.44,60.646,3.9,35.609,,32.94
413,06/18/19 04:00:00 AM,34.387,60.796,11.8,35.422,,32.887
414,06/18/19 05:00:00 AM,34.15,60.949,11.8,35.208,,32.65
415,06/18/19 06:00:00 AM,33.992,58.577,11.8,35.022,,32.492
416,06/18/19 07:00:00 AM,33.861,58.653,19.7,34.81,,32.361
417,06/18/19 08:00:00 AM,33.887,57.797,59.1,34.651,,32.387
418,06/18/19 09:00:00 AM,34.229,54.992,27.6,34.492,,32.729
419,06/18/19 10:00:00 AM,34.334,52.386,51.2,34.44,,32.834
420,06/18/19 11:00:00 AM,34.783,49.637,51.2,34.572,,33.283
421,06/18/19 12:00:00 PM,35.022,45.574,35.5,34.677,,33.522
422,06/18/19 01:00:00 PM,35.155,46.651,27.6,34.757,,33.655
423,06/18/19 02:00:00 PM,35.448,43.456,27.6,34.942,,33.948
424,06/18/19 03:00:00 PM,35.797,43.529,27.6,35.182,,34.297
425,06/18/19 04:00:00 PM,36.119,46.235,19.7,35.422,,34.619
426,06/18/19 05:00:00 PM,36.065,53.758,11.8,35.502,,34.565
427,06/18/19 06:00:00 PM,36.065,59.751,3.9,35.582,,34.565
428,06/18/19 07:00:00 PM,36.092,57.223,3.9,35.662,,34.592
429,06/18/19 08:00:00 PM,35.985,59.515,11.8,35.743,,34.485
430,06/18/19 09:00:00 PM,36.173,59.512,11.8,35.797,,34.673
431,06/18/19 10:00:00 PM,36.146,59.348,11.8,35.797,,34.646
432,06/18/19 11:00:00 PM,35.877,57.192,11.8,35.716,,34.377
433,06/19/19 12:00:00 AM,35.743,54.979,11.8,35.636,,34.243
434,06/19/19 01:00:00 AM,35.582,55.861,11.8,35.502,,34.082
435,06/19/19 02:00:00 AM,35.448,56.003,11.8,35.368,,33.948
436,06/19/19 03:00:00 AM,35.208,54.645,11.8,35.208,,33.708
437,06/19/19 04:00:00 AM,34.995,53.32,11.8,35.022,,33.495
438,06/19/19 05:00:00 AM,34.757,52.8,11.8,34.836,,33.257
439,06/19/19 06:00:00 AM,34.492,52.699,3.9,34.624,,32.992
440,06/19/19 07:00:00 AM,34.229,53.085,11.8,34.44,,32.729
441,06/19/19 08:00:00 AM,33.992,51.299,35.5,34.281,,32.492
442,06/19/19 09:00:00 AM,34.071,48.989,43.4,34.202,,32.571
443,06/19/19 10:00:00 AM,34.44,47.753,43.4,34.281,,32.94
444,06/19/19 11:00:00 AM,34.783,46.672,43.4,34.387,,33.283
445,06/19/19 12:00:00 PM,35.075,43.882,43.4,34.545,,33.575
446,06/19/19 01:00:00 PM,35.262,50.354,35.5,34.677,,33.762
447,06/19/19 02:00:00 PM,35.049,53.911,35.5,34.704,,33.549
448,06/19/19 03:00:00 PM,35.102,56.565,27.6,34.81,,33.602
449,06/19/19 04:00:00 PM,35.315,59.446,19.7,34.995,,33.815
450,06/19/19 05:00:00 PM,35.502,64.379,11.8,35.182,,34.002
451,06/19/19 06:00:00 PM,35.743,62.907,11.8,35.342,,34.243
452,06/19/19 07:00:00 PM,35.877,61.536,11.8,35.502,,34.377
453,06/19/19 08:00:00 PM,35.931,58.323,11.8,35.609,,34.431
454,06/19/19 09:00:00 PM,35.823,58.019,11.8,35.636,,34.323
455,06/19/19 10:00:00 PM,35.689,58.575,3.9,35.636,,34.189
456,06/19/19 11:00:00 PM,35.475,55.329,11.8,35.555,,33.975
457,06/20/19 12:00:00 AM,35.315,56.209,11.8,35.448,,33.815
458,06/20/19 01:00:00 AM,35.182,57.026,11.8,35.315,,33.682
459,06/20/19 02:00:00 AM,35.128,57.532,11.8,35.182,,33.628
460,06/20/19 03:00:00 AM,34.942,57.664,3.9,35.022,,33.442
461,06/20/19 04:00:00 AM,34.757,56.772,11.8,34.863,,33.257
462,06/20/19 05:00:00 AM,34.572,55.942,11.8,34.704,,33.072
463,06/20/19 06:00:00 AM,34.387,54.724,3.9,34.519,,32.887
464,06/20/19 07:00:00 AM,34.124,51.642,3.9,34.36,,32.624
465,06/20/19 08:00:00 AM,33.94,52.106,11.8,34.202,,32.44
466,06/20/19 09:00:00 AM,33.914,53.56,43.4,34.124,,32.414
467,06/20/19 10:00:00 AM,34.097,49.55,19.7,34.124,,32.597
468,06/20/19 11:00:00 AM,34.598,48.3,43.4,34.229,,33.098
469,06/20/19 12:00:00 PM,34.836,46.712,35.5,34.36,,33.336
470,06/20/19 01:00:00 PM,35.288,45.804,43.4,34.598,,33.788
471,06/20/19 02:00:00 PM,35.85,43.066,35.5,34.916,,34.35
472,06/20/19 03:00:00 PM,36.146,42.964,27.6,35.182,,34.646
473,06/20/19 04:00:00 PM,36.471,41.283,27.6,35.475,,34.971
474,06/20/19 05:00:00 PM,36.146,51.714,11.8,35.555,,34.646
475,06/20/19 06:00:00 PM,36.308,52.39,3.9,35.716,,34.808
476,06/20/19 07:00:00 PM,36.471,54.724,11.8,35.904,,34.971
477,06/20/19 08:00:00 PM,36.661,56.37,11.8,36.065,,35.161
478,06/20/19 09:00:00 PM,36.661,58.142,11.8,36.146,,35.161
479,06/20/19 10:00:00 PM,36.579,58.965,3.9,36.173,,35.079
480,06/20/19 11:00:00 PM,36.281,55.572,3.9,36.146,,34.781
481,06/21/19 12:00:00 AM,36.173,54.553,11.8,36.065,,34.673
482,06/21/19 01:00:00 AM,36.092,54.379,11.8,35.958,,34.592
483,06/21/19 02:00:00 AM,35.877,52.886,3.9,35.797,,34.377
484,06/21/19 03:00:00 AM,35.662,51.094,11.8,35.636,,34.162
485,06/21/19 04:00:00 AM,35.475,50.447,11.8,35.448,,33.975
486,06/21/19 05:00:00 AM,35.288,50.816,3.9,35.288,,33.788
487,06/21/19 06:00:00 AM,35.022,50.88,11.8,35.102,,33.522
488,06/21/19 07:00:00 AM,34.783,49.965,11.8,34.889,,33.283
489,06/21/19 08:00:00 AM,34.545,49.279,19.7,34.73,,33.045
490,06/21/19 09:00:00 AM,34.202,48.481,35.5,34.492,,32.702
491,06/21/19 10:00:00 AM,34.281,48.129,43.4,34.387,,32.781
492,06/21/19 11:00:00 AM,34.492,46.274,43.4,34.44,,32.992
493,06/21/19 12:00:00 PM,34.783,44.382,51.2,34.519,,33.283
494,06/21/19 01:00:00 PM,34.916,43.63,35.5,34.598,,33.416
495,06/21/19 02:00:00 PM,35.049,44.112,27.6,34.677,,33.549
496,06/21/19 03:00:00 PM,35.235,44.2,27.6,34.81,,33.735
497,06/21/19 04:00:00 PM,35.448,46.023,19.7,34.969,,33.948
498,06/21/19 05:00:00 PM,35.262,54.782,11.8,34.995,,33.762
499,06/21/19 06:00:00 PM,34.969,57.764,11.8,34.889,,33.469
500,06/21/19 07:00:00 PM,35.529,57.59,3.9,35.075,,34.029
501,06/21/19 08:00:00 PM,35.555,60.596,3.9,35.155,,34.055
502,06/21/19 09:00:00 PM,35.529,59.446,11.8,35.182,,34.029
503,06/21/19 10:00:00 PM,35.529,58.871,3.9,35.182,,34.029
504,06/21/19 11:00:00 PM,35.475,61.124,11.8,35.155,,33.975
505,06/22/19 12:00:00 AM,35.342,61.262,3.9,35.075,,33.842
506,06/22/19 01:00:00 AM,35.102,58.552,11.8,34.942,,33.602
507,06/22/19 02:00:00 AM,34.81,54.266,11.8,34.783,,33.31
508,06/22/19 03:00:00 AM,34.704,53.798,3.9,34.651,,33.204
509,06/22/19 04:00:00 AM,34.413,52.883,3.9,34.492,,32.913
510,06/22/19 05:00:00 AM,34.202,52.79,3.9,34.308,,32.702
511,06/22/19 06:00:00 AM,33.992,52.048,3.9,34.15,,32.492
512,06/22/19 07:00:00 AM,33.835,52.384,11.8,33.992,,32.335
513,06/22/19 08:00:00 AM,33.73,53.018,11.8,33.914,,32.23
514,06/22/19 09:00:00 AM,33.757,51.724,35.5,33.835,,32.257
515,06/22/19 10:00:00 AM,33.966,49.173,35.5,33.861,,32.466
516,06/22/19 11:00:00 AM,34.15,47.981,35.5,33.914,,32.65
517,06/22/19 12:00:00 PM,34.704,48.115,43.4,34.124,,33.204
518,06/22/19 01:00:00 PM,35.235,42.997,35.5,34.413,,33.735
519,06/22/19 02:00:00 PM,35.743,41.34,35.5,34.783,,34.243
520,06/22/19 03:00:00 PM,36.2,39.767,35.5,35.102,,34.7
521,06/22/19 04:00:00 PM,36.389,40.091,11.8,35.395,,34.889
522,06/22/19 05:00:00 PM,36.039,52.68,11.8,35.475,,34.539
523,06/22/19 06:00:00 PM,36.525,41.525,3.9,35.823,,35.025
524,06/22/19 07:00:00 PM,36.715,40.057,3.9,36.065,,35.215
525,06/22/19 08:00:00 PM,36.824,42.265,3.9,36.281,,35.324
526,06/22/19 09:00:00 PM,36.606,50.659,3.9,36.362,,35.106
527,06/22/19 10:00:00 PM,36.606,51.414,3.9,36.362,,35.106
528,06/22/19 11:00:00 PM,36.742,50.841,3.9,36.335,,35.242
529,06/23/19 12:00:00 AM,36.579,50.623,3.9,36.254,,35.079
530,06/23/19 01:00:00 AM,36.417,50.438,11.8,36.146,,34.917
531,06/23/19 02:00:00 AM,36.2,50.705,11.8,36.012,,34.7
532,06/23/19 03:00:00 AM,35.958,51.1,11.8,35.85,,34.458
533,06/23/19 04:00:00 AM,35.716,51.951,11.8,35.662,,34.216
534,06/23/19 05:00:00 AM,35.502,53.031,11.8,35.475,,34.002
535,06/23/19 06:00:00 AM,35.262,52.868,3.9,35.288,,33.762
536,06/23/19 07:00:00 AM,35.022,52.998,11.8,35.102,,33.522
537,06/23/19 08:00:00 AM,34.704,52.825,19.7,34.916,,33.204
538,06/23/19 09:00:00 AM,34.624,52.912,35.5,34.81,,33.124
539,06/23/19 10:00:00 AM,34.704,51.524,35.5,34.73,,33.204
540,06/23/19 11:00:00 AM,34.969,48.115,43.4,34.783,,33.469
541,06/23/19 12:00:00 PM,35.155,47.808,51.2,34.863,,33.655
542,06/23/19 01:00:00 PM,35.609,45.543,27.6,35.075,,34.109
543,06/23/19 02:00:00 PM,35.315,52.257,43.4,35.102,,33.815
544,06/23/19 03:00:00 PM,35.448,53.414,35.5,35.235,,33.948
545,06/23/19 04:00:00 PM,35.77,53.978,27.6,35.475,,34.27
546,06/23/19 05:00:00 PM,36.012,54.887,11.8,35.689,,34.512
547,06/23/19 06:00:00 PM,36.092,59.372,11.8,35.85,,34.592
548,06/23/19 07:00:00 PM,36.119,60.556,3.9,35.958,,34.619
549,06/23/19 08:00:00 PM,36.335,60.526,11.8,36.092,,34.835
550,06/23/19 09:00:00 PM,36.308,59.5,11.8,36.092,,34.808
551,06/23/19 10:00:00 PM,36.092,60.679,11.8,35.985,,34.592
552,06/23/19 11:00:00 PM,36.012,62.571,11.8,35.904,,34.512
553,06/24/19 12:00:00 AM,35.555,62.972,3.9,35.743,,34.055
554,06/24/19 01:00:00 AM,35.342,61.452,11.8,35.475,,33.842
555,06/24/19 02:00:00 AM,35.022,61.971,11.8,35.235,,33.522
556,06/24/19 03:00:00 AM,34.704,63.118,3.9,34.995,,33.204
557,06/24/19 04:00:00 AM,34.36,63.377,3.9,34.73,,32.86
558,06/24/19 05:00:00 AM,34.071,64.145,3.9,34.492,,32.571
559,06/24/19 06:00:00 AM,33.783,64.909,3.9,34.229,,32.283
560,06/24/19 07:00:00 AM,33.495,66.291,11.8,33.992,,31.995
561,06/24/19 08:00:00 AM,33.287,67.462,11.8,33.809,,31.787
562,06/24/19 09:00:00 AM,33.105,68.417,19.7,33.626,,31.605
563,06/24/19 10:00:00 AM,32.898,65.973,27.6,33.443,,31.398
564,06/24/19 11:00:00 AM,32.846,64.692,27.6,33.313,,31.346
565,06/24/19 12:00:00 PM,32.872,63.667,19.7,33.261,,31.372
566,06/24/19 01:00:00 PM,32.975,65.986,27.6,33.235,,31.475
567,06/24/19 02:00:00 PM,33.105,66.906,27.6,33.261,,31.605
568,06/24/19 03:00:00 PM,33.183,65.494,19.7,33.287,,31.683
569,06/24/19 04:00:00 PM,33.105,67.678,19.7,33.287,,31.605
570,06/24/19 05:00:00 PM,33.313,68.299,11.8,33.365,,31.813
571,06/24/19 06:00:00 PM,33.495,66.787,11.8,33.469,,31.995
572,06/24/19 07:00:00 PM,33.678,68.24,3.9,33.574,,32.178
573,06/24/19 08:00:00 PM,33.678,69.378,11.8,33.626,,32.178
574,06/24/19 09:00:00 PM,33.652,66.008,3.9,33.652,,32.152
575,06/24/19 10:00:00 PM,33.313,59.966,3.9,33.6,,31.813
576,06/24/19 11:00:00 PM,33.391,59.122,11.8,33.495,,31.891
577,06/25/19 12:00:00 AM,33.417,60.077,11.8,33.443,,31.917
578,06/25/19 01:00:00 AM,33.235,59.922,3.9,33.313,,31.735
579,06/25/19 02:00:00 AM,33.053,60.684,11.8,33.183,,31.553
580,06/25/19 03:00:00 AM,32.872,61.883,3.9,33.053,,31.372
581,06/25/19 04:00:00 AM,32.691,62.919,3.9,32.924,,31.191
582,06/25/19 05:00:00 AM,32.484,64.445,11.8,32.768,,30.984
583,06/25/19 06:00:00 AM,32.304,65.966,3.9,32.613,,30.804
584,06/25/19 07:00:00 AM,32.15,66.804,3.9,32.484,,30.65
585,06/25/19 08:00:00 AM,31.996,67.085,11.8,32.355,,30.496
586,06/25/19 09:00:00 AM,31.893,69.031,11.8,32.253,,30.393
587,06/25/19 10:00:00 AM,31.842,66.874,27.6,32.175,,30.342
588,06/25/19 11:00:00 AM,31.944,62.768,27.6,32.15,,30.444
589,06/25/19 12:00:00 PM,32.227,60.083,27.6,32.227,,30.727
590,06/25/19 01:00:00 PM,32.82,54.954,43.4,32.458,,31.32
591,06/25/19 02:00:00 PM,32.665,62.414,19.7,32.458,,31.165
592,06/25/19 03:00:00 PM,32.898,62.64,27.6,32.587,,31.398
593,06/25/19 04:00:00 PM,33.105,63.33,11.8,32.768,,31.605
594,06/25/19 05:00:00 PM,33.261,64.542,11.8,32.924,,31.761
595,06/25/19 06:00:00 PM,33.105,70.011,3.9,32.975,,31.605
596,06/25/19 07:00:00 PM,33.261,70.315,3.9,33.079,,31.761
597,06/25/19 08:00:00 PM,33.495,70.357,3.9,33.261,,31.995
598,06/25/19 09:00:00 PM,33.521,69.442,3.9,33.365,,32.021
599,06/25/19 10:00:00 PM,33.469,62.229,11.8,33.417,,31.969
600,06/25/19 11:00:00 PM,33.443,62.445,3.9,33.391,,31.943
601,06/26/19 12:00:00 AM,33.391,58.582,3.9,33.313,,31.891
602,06/26/19 01:00:00 AM,33.287,59.424,3.9,33.235,,31.787
603,06/26/19 02:00:00 AM,33.157,61.11,11.8,33.131,,31.657
604,06/26/19 03:00:00 AM,32.949,62.992,3.9,33.001,,31.449
605,06/26/19 04:00:00 AM,32.742,63.74,3.9,32.872,,31.242
606,06/26/19 05:00:00 AM,32.562,64.209,3.9,32.717,,31.062
607,06/26/19 06:00:00 AM,32.355,64.268,3.9,32.562,,30.855
608,06/26/19 07:00:00 AM,32.227,64.682,3.9,32.433,,30.727
609,06/26/19 08:00:00 AM,32.021,65.732,11.8,32.304,,30.521
610,06/26/19 09:00:00 AM,31.868,64.839,11.8,32.175,,30.368
611,06/26/19 10:00:00 AM,31.816,64.738,19.7,32.073,,30.316
612,06/26/19 11:00:00 AM,32.073,62.194,51.2,32.098,,30.573
613,06/26/19 12:00:00 PM,32.407,59.416,35.5,32.201,,30.907
614,06/26/19 01:00:00 PM,32.562,58.585,19.7,32.278,,31.062
615,06/26/19 02:00:00 PM,32.613,59.606,19.7,32.355,,31.113
616,06/26/19 03:00:00 PM,32.898,57.682,11.8,32.484,,31.398
617,06/26/19 04:00:00 PM,33.131,60.948,11.8,32.665,,31.631
618,06/26/19 05:00:00 PM,33.261,64.511,3.9,32.794,,31.761
619,06/26/19 06:00:00 PM,33.365,66.734,3.9,32.949,,31.865
620,06/26/19 07:00:00 PM,33.417,68.04,3.9,33.053,,31.917
621,06/26/19 08:00:00 PM,33.548,69.263,3.9,33.131,,32.048
622,06/26/19 09:00:00 PM,33.391,66.955,3.9,33.183,,31.891
623,06/26/19 10:00:00 PM,33.521,63.554,3.9,33.183,,32.021
624,06/26/19 11:00:00 PM,33.469,66.473,3.9,33.157,,31.969
625,06/27/19 12:00:00 AM,33.339,68.211,3.9,33.079,,31.839
626,06/27/19 01:00:00 AM,33.157,68.026,3.9,32.975,,31.657
627,06/27/19 02:00:00 AM,32.898,67.642,3.9,32.846,,31.398
628,06/27/19 03:00:00 AM,32.665,67.54,3.9,32.691,,31.165
629,06/27/19 04:00:00 AM,32.458,68.119,3.9,32.536,,30.958
630,06/27/19 05:00:00 AM,32.227,68.078,3.9,32.355,,30.727
631,06/27/19 06:00:00 AM,32.047,68.538,3.9,32.201,,30.547
632,06/27/19 07:00:00 AM,31.842,69.174,3.9,32.047,,30.342
633,06/27/19 08:00:00 AM,31.689,69.818,3.9,31.919,,30.189
634,06/27/19 09:00:00 AM,31.586,69.922,35.5,31.816,,30.086
635,06/27/19 10:00:00 AM,31.791,65.136,35.5,31.816,,30.291
636,06/27/19 11:00:00 AM,32.073,63.007,35.5,31.893,,30.573
637,06/27/19 12:00:00 PM,32.562,59.945,19.7,32.073,,31.062
638,06/27/19 01:00:00 PM,32.949,57.02,35.5,32.278,,31.449
639,06/27/19 02:00:00 PM,32.949,62.804,27.6,32.407,,31.449
640,06/27/19 03:00:00 PM,33.105,60.976,27.6,32.613,,31.605
641,06/27/19 04:00:00 PM,33.339,62.648,11.8,32.82,,31.839
